driver,trip_id,start_time,end_time,trip_time,distance
woow59,100001997,2015-05-08 02:06:50,2015-05-08 02:11:50,5,0.712
woow59,100001998,2015-05-08 02:35:18,2015-05-08 05:44:18,189,147.921
woow59,100001999,2015-05-08 06:11:24,2015-05-08 09:59:24,228,140.585
woow59,100002000,2015-05-08 10:29:06,2015-05-08 12:43:06,134,84.35
woow59,100002001,2015-05-08 13:16:14,2015-05-08 13:28:14,12,1.59
woow59,100002002,2015-05-10 09:59:22,2015-05-10 11:40:22,101,64.634
woow59,100002003,2015-05-10 12:07:50,2015-05-10 19:06:50,419,333.942
woow59,100002004,2015-05-11 07:35:10,2015-05-11 09:18:10,103,61.698
woow59,100002005,2015-05-11 10:11:16,2015-05-11 11:28:16,77,42.644
woow59,100002006,2015-05-11 12:01:36,2015-05-11 16:49:36,288,236.104
woow59,100002007,2015-05-11 19:50:00,2015-05-11 19:57:00,7,2.473
woow59,100002008,2015-05-12 06:30:16,2015-05-12 07:27:16,57,35.616
woow59,100002009,2015-05-12 09:46:14,2015-05-12 11:45:14,119,97.828
woow59,100002010,2015-05-12 12:06:20,2015-05-12 16:31:20,265,209.399
woow59,100002011,2015-05-12 17:38:14,2015-05-12 17:44:14,6,0.577
woow59,100002012,2015-05-13 09:21:38,2015-05-13 09:34:38,13,0.67
woow59,100002013,2015-05-13 10:55:02,2015-05-13 11:03:02,8,0.686
woow59,100002014,2015-05-13 13:21:52,2015-05-13 15:02:52,101,41.682
woow59,100002015,2015-05-13 17:26:18,2015-05-13 17:34:18,8,8.641
woow59,100002016,2015-05-13 18:05:00,2015-05-13 21:49:00,224,186.937
woow59,100002017,2015-05-14 07:58:12,2015-05-14 10:13:12,135,60.683
woow59,100002018,2015-05-14 12:18:36,2015-05-14 19:43:36,445,307.637
woow59,100002019,2015-05-15 06:05:18,2015-05-15 06:19:18,14,0.612
woow59,100002020,2015-05-15 07:31:00,2015-05-15 14:05:00,394,278.965
woow59,100002021,2015-05-15 14:34:54,2015-05-15 18:51:54,257,192.695
woow59,100002022,2015-05-18 06:52:12,2015-05-18 09:46:12,174,103.255
woow59,100002023,2015-05-18 10:49:24,2015-05-18 14:03:24,194,163.793
woow59,100002024,2015-05-18 14:36:46,2015-05-18 17:48:46,192,120.29
woow59,100002025,2015-05-19 04:05:20,2015-05-19 04:34:20,29,4.442
woow59,100002026,2015-05-19 04:58:08,2015-05-19 06:22:08,84,73.136
woow59,100002027,2015-05-19 06:42:28,2015-05-19 07:55:28,73,67.795
woow59,100002028,2015-05-19 09:40:48,2015-05-19 10:42:48,62,26.206
woow59,100002029,2015-05-19 12:10:42,2015-05-19 13:45:42,95,73.925
woow59,100002030,2015-05-20 02:13:16,2015-05-20 04:19:16,126,94.964
woow59,100002031,2015-05-20 04:56:20,2015-05-20 06:21:20,85,55.322
woow59,100002032,2015-05-20 06:42:42,2015-05-20 09:17:42,155,142.265
woow59,100002033,2015-05-20 10:07:36,2015-05-20 13:12:36,185,136.003
woow59,100002034,2015-05-21 06:17:12,2015-05-21 07:12:12,55,30.174
woow59,100002035,2015-05-21 08:51:32,2015-05-21 10:25:32,94,45.591
woow59,100002036,2015-05-21 11:20:14,2015-05-21 13:15:14,115,60.805
woow59,100002037,2015-05-21 14:53:24,2015-05-21 19:34:24,281,230.317
woow59,100002038,2015-05-22 05:50:18,2015-05-22 07:31:18,101,56.734
woow59,100002039,2015-05-22 08:20:14,2015-05-22 10:54:14,154,60.625
woow59,100002040,2015-05-22 11:20:50,2015-05-22 14:34:50,194,112.897
woow59,100002041,2015-05-22 16:14:56,2015-05-22 16:59:56,45,11.415
woow59,100002042,2015-05-22 17:38:46,2015-05-22 17:49:46,11,5.559
woow59,100002043,2015-05-22 19:06:08,2015-05-22 19:17:08,11,4.875
woow59,100002044,2015-05-23 09:33:30,2015-05-23 09:42:30,9,4.937
woow59,100002045,2015-05-23 10:33:36,2015-05-23 10:40:36,7,4.655
woow59,100002046,2015-05-27 08:50:10,2015-05-27 10:10:10,80,26.615
woow59,100002047,2015-05-27 12:24:44,2015-05-27 16:07:44,223,163.614
woow59,100002048,2015-05-27 17:11:40,2015-05-27 17:13:40,2,1.36
woow59,100002049,2015-05-27 17:59:44,2015-05-27 21:29:44,210,173.618
woow59,100002050,2015-05-28 08:22:56,2015-05-28 10:04:56,102,59.397
rice30,100006739,2015-04-10 13:11:02,2015-04-10 13:40:02,29,9.941
rice30,100006740,2015-04-10 14:04:42,2015-04-10 14:33:42,29,6.596
rice30,100006741,2015-04-10 15:20:12,2015-04-10 17:33:12,133,90.89
rice30,100006742,2015-04-10 18:10:04,2015-04-10 20:31:04,141,129.396
rice30,100006743,2015-04-10 21:11:32,2015-04-10 22:03:32,52,42.391
rice30,100006744,2015-04-11 09:57:26,2015-04-11 11:54:26,117,81.414
rice30,100006745,2015-04-11 13:15:40,2015-04-11 21:04:40,469,288.342
rice30,100006746,2015-04-11 21:54:38,2015-04-11 23:39:38,105,88.192
rice30,100006747,2015-04-12 09:53:50,2015-04-12 12:28:50,155,101.676
rice30,100006748,2015-04-12 13:38:48,2015-04-12 19:28:48,350,243.201
rice30,100006749,2015-04-12 20:24:10,2015-04-12 20:40:10,16,4.027
rice30,100006750,2015-04-13 09:53:42,2015-04-13 10:55:42,62,39.599
rice30,100006751,2015-04-13 11:20:24,2015-04-13 14:28:24,188,127.079
rice30,100006752,2015-04-13 15:14:58,2015-04-13 15:57:58,43,25.086
rice30,100006753,2015-04-13 16:35:00,2015-04-13 18:23:00,108,82.503
rice30,100006754,2015-04-13 18:50:42,2015-04-13 22:01:42,191,113.559
rice30,100006755,2015-04-14 09:41:12,2015-04-14 11:28:12,107,43.133
rice30,100006756,2015-04-14 11:49:14,2015-04-14 16:18:14,269,208.205
rice30,100006757,2015-04-14 17:44:00,2015-04-14 21:27:00,223,191.598
rice30,100006758,2015-04-15 10:38:08,2015-04-15 13:07:08,149,74.703
rice30,100006759,2015-04-15 13:32:46,2015-04-15 15:33:46,121,75.949
rice30,100006760,2015-04-15 15:55:04,2015-04-15 18:40:04,165,93.394
rice30,100006761,2015-04-15 22:08:18,2015-04-16 00:17:18,129,106.434
rice30,100006762,2015-04-16 10:30:28,2015-04-16 13:27:28,177,124.669
rice30,100006763,2015-04-16 14:04:44,2015-04-16 14:17:44,13,8.93
rice30,100006764,2015-04-18 10:04:12,2015-04-18 10:13:12,9,5.826
rice30,100006765,2015-04-18 10:36:28,2015-04-18 12:02:28,86,78.25
rice30,100006766,2015-04-18 12:55:52,2015-04-18 14:40:52,105,87.058
rice30,100006767,2015-04-18 15:05:14,2015-04-18 16:18:14,73,29.647
rice30,100006768,2015-04-21 10:59:32,2015-04-21 13:31:32,152,73.225
rice30,100006769,2015-04-21 14:05:44,2015-04-21 15:12:44,67,44.954
rice30,100006770,2015-04-21 16:41:58,2015-04-21 18:11:58,90,82.63
rice30,100006771,2015-04-21 18:42:02,2015-04-21 21:54:02,192,147.414
rice30,100006772,2015-04-21 22:49:22,2015-04-21 22:53:22,4,0.788
rice30,100006773,2015-04-22 08:56:14,2015-04-22 10:00:14,64,4.82
rice30,100006774,2015-04-22 10:34:18,2015-04-22 17:03:18,389,269.65
rice30,100006775,2015-04-23 03:19:12,2015-04-23 06:35:12,196,62.78
rice30,100006776,2015-04-23 08:30:58,2015-04-23 13:55:58,325,198.64
rice30,100006777,2015-04-23 14:59:26,2015-04-23 19:59:26,300,251.293
rice30,100006778,2015-04-24 11:12:18,2015-04-24 13:11:18,119,26.283
rice30,100006779,2015-04-24 13:37:16,2015-04-24 14:46:16,69,23.981
rice30,100006780,2015-04-24 15:49:34,2015-04-24 20:03:34,254,165.748
rice30,100006781,2015-04-24 20:34:12,2015-04-24 22:19:12,105,75.644
rice30,100006782,2015-04-24 22:49:36,2015-04-25 00:56:36,127,113.207
rice30,100006783,2015-04-25 11:04:12,2015-04-25 13:17:12,133,77.471
rice30,100006784,2015-04-25 13:41:34,2015-04-25 16:15:34,154,69.447
rice30,100006785,2015-04-28 11:18:42,2015-04-28 13:37:42,139,64.468
rice30,100006786,2015-04-28 15:23:10,2015-04-28 18:22:10,179,110.346
rice30,100006787,2015-04-29 07:34:54,2015-04-29 08:13:54,39,26.634
rice30,100006788,2015-04-29 09:08:44,2015-04-29 12:02:44,174,115.447
rice30,100006789,2015-04-29 13:01:34,2015-04-29 15:32:34,151,122.73
rice30,100006790,2015-04-29 15:55:46,2015-04-29 20:03:46,248,154.368
rice30,100006791,2015-04-30 05:49:10,2015-04-30 07:51:10,122,65.878
rice30,100006792,2015-04-30 08:20:34,2015-04-30 08:28:34,8,2.514
rice30,100006793,2015-04-30 10:55:26,2015-04-30 15:17:26,262,166.778
rice30,100006794,2015-04-30 18:35:26,2015-04-30 21:00:26,145,121.448
rice30,100006795,2015-05-01 08:49:36,2015-05-01 11:31:36,162,123.791
rice30,100006796,2015-05-02 11:30:52,2015-05-02 12:15:52,45,17.259
rice30,100006797,2015-05-02 12:39:30,2015-05-02 14:31:30,112,94.854
rice30,100006798,2015-05-02 14:55:58,2015-05-02 17:26:58,151,109.76
woow59,100007307,2015-05-07 10:39:34,2015-05-07 12:05:34,86,13.312
kell0,100023919,2016-02-02 20:10:00,2016-02-02 20:27:00,17,8.136
kell0,100023920,2016-02-02 22:36:58,2016-02-02 22:57:58,21,6.577
gres0,100048116,2015-04-06 05:09:34,2015-04-06 05:39:34,30,17.256
gres0,100048117,2015-04-06 06:04:42,2015-04-06 06:13:42,9,1.909
gres0,100048118,2015-04-06 06:43:30,2015-04-06 10:21:30,218,195.248
gres0,100048119,2015-04-06 11:26:30,2015-04-06 13:03:30,97,71.509
gres0,100048120,2015-04-06 13:54:14,2015-04-06 17:00:14,186,134.178
gres0,100048121,2015-04-06 17:21:38,2015-04-06 18:11:38,50,23.349
gres0,100048122,2015-04-07 05:33:30,2015-04-07 07:43:30,130,31.174
gres0,100048123,2015-04-07 08:22:12,2015-04-07 12:14:12,232,207.267
gres0,100048124,2015-04-07 12:40:00,2015-04-07 13:47:00,67,47.13
gres0,100048125,2015-04-07 14:22:54,2015-04-07 15:17:54,55,45.449
gres0,100048126,2015-04-07 16:40:58,2015-04-07 17:08:58,28,9.274
gres0,100048127,2015-04-08 07:12:06,2015-04-08 10:17:06,185,122.434
gres0,100048128,2015-04-10 18:53:14,2015-04-11 00:40:14,347,241.778
gres0,100048129,2015-04-11 01:16:14,2015-04-11 04:10:14,174,92.874
gres0,100048130,2015-04-11 04:53:04,2015-04-11 07:44:04,171,120.041
gres0,100048131,2015-04-11 18:38:18,2015-04-11 20:06:18,88,82.76
gres0,100048132,2015-04-11 20:35:20,2015-04-11 22:51:20,136,81.649
gres0,100048133,2015-04-12 09:57:22,2015-04-12 13:36:22,219,200.873
gres0,100048134,2015-04-12 14:18:34,2015-04-12 14:57:34,39,27.757
gres0,100048135,2015-04-12 15:42:30,2015-04-12 16:06:30,24,17.691
gres0,100048136,2015-04-12 16:31:28,2015-04-12 20:27:28,236,191.625
gres0,100048137,2015-04-12 20:48:10,2015-04-12 22:29:10,101,28.882
gres0,100048138,2015-04-13 10:12:26,2015-04-13 10:36:26,24,14.64
gres0,100048139,2015-04-13 11:21:28,2015-04-13 12:02:28,41,25.584
gres0,100048140,2015-04-13 12:39:54,2015-04-13 13:14:54,35,22.259
gres0,100068938,2015-08-21 14:42:42,2015-08-21 18:38:42,236,193.199
gres0,100068939,2015-08-24 13:30:10,2015-08-24 17:59:10,269,133.551
gres0,100068940,2015-08-24 18:32:28,2015-08-24 18:33:28,1,0.367
gres0,100068941,2015-08-24 18:55:28,2015-08-24 19:26:28,31,16.27
gres0,100068942,2015-08-24 20:27:44,2015-08-24 20:52:44,25,8.968
gres0,100068943,2015-08-24 21:46:56,2015-08-25 00:46:56,180,125.656
gres0,100068944,2015-08-25 02:25:36,2015-08-25 03:17:36,52,19.097
gres0,100068945,2015-08-25 14:12:04,2015-08-25 14:49:04,37,10.927
gres0,100068946,2015-08-25 15:25:16,2015-08-25 19:31:16,246,112.672
gres0,100068947,2015-08-26 07:09:20,2015-08-26 08:04:20,55,30.045
gres0,100068948,2015-08-26 08:49:40,2015-08-26 09:03:40,14,6.888
gres0,100068949,2015-08-26 09:28:42,2015-08-26 12:07:42,159,130.524
gres0,100068950,2015-08-26 12:50:34,2015-08-26 13:50:34,60,13.103
gres0,100068951,2015-08-26 16:07:54,2015-08-26 16:27:54,20,9.004
gres0,100068952,2015-08-28 06:58:36,2015-08-28 07:35:36,37,15.523
gres0,100068953,2015-08-28 08:01:34,2015-08-28 12:26:34,265,241.254
gres0,100068954,2015-08-28 13:12:04,2015-08-28 13:41:04,29,13.15
gres0,100068955,2015-08-28 14:17:32,2015-08-28 17:43:32,206,138.127
gres0,100068956,2015-08-28 18:05:40,2015-08-28 18:49:40,44,23.749
gres0,100068957,2015-08-29 06:41:50,2015-08-29 06:52:50,11,10.015
gres0,100068958,2015-08-29 07:57:44,2015-08-29 10:20:44,143,110.566
gres0,100068959,2015-08-29 10:42:48,2015-08-29 15:51:48,309,239.728
gres0,100068960,2015-08-29 16:25:12,2015-08-29 17:16:12,51,35.848
gres0,100068961,2015-08-29 17:43:38,2015-08-29 18:18:38,35,13.141
gres0,100068962,2015-08-30 07:00:54,2015-08-30 10:07:54,187,135.196
gres0,100068963,2015-08-30 11:54:40,2015-08-30 15:15:40,201,151.918
gres0,100068964,2015-08-30 15:38:34,2015-08-30 17:08:34,90,30.52
gres0,100068965,2015-08-30 17:31:04,2015-08-30 19:03:04,92,71.732
gres0,100068966,2015-08-31 06:48:46,2015-08-31 08:36:46,108,84.472
gres0,100068967,2015-08-31 09:23:56,2015-08-31 10:56:56,93,69.411
gres0,100068968,2015-08-31 13:29:36,2015-08-31 14:38:36,69,27.598
gres0,100068969,2015-08-31 16:17:38,2015-08-31 17:47:38,90,42.287
gres0,100068970,2015-09-01 06:57:16,2015-09-01 11:40:16,283,214.398
gres0,100068971,2015-09-01 12:21:36,2015-09-01 13:08:36,47,23.142
gres0,100068972,2015-09-04 11:14:34,2015-09-04 11:36:34,22,1.942
gres0,100068973,2015-09-04 12:07:24,2015-09-04 14:36:24,149,70.53
gres0,100068974,2015-09-04 16:45:08,2015-09-04 19:35:08,170,81.849
gres0,100068975,2015-09-05 09:39:30,2015-09-05 10:26:30,47,22.278
gres0,100068976,2015-09-05 10:54:12,2015-09-05 12:53:12,119,94.727
gres0,100068977,2015-09-05 13:28:54,2015-09-05 16:26:54,178,136.794
gres0,100068978,2015-09-05 16:51:40,2015-09-05 17:23:40,32,9.717
gres0,100068979,2015-09-05 18:10:00,2015-09-05 19:41:00,91,68.49
gres0,100068980,2015-09-06 07:19:42,2015-09-06 07:29:42,10,6.994
gres0,100068981,2015-09-06 08:01:46,2015-09-06 10:28:46,147,131.017
gres0,100068982,2015-09-06 10:57:52,2015-09-06 12:02:52,65,11.795
gres0,100068983,2015-09-06 12:51:22,2015-09-06 13:23:22,32,10.127
gres0,100068984,2015-09-06 13:43:40,2015-09-06 14:18:40,35,15.522
kell0,100089544,2016-02-03 16:53:52,2016-02-03 18:31:52,98,67.89
kell0,100089545,2016-02-06 06:43:08,2016-02-06 08:58:08,135,62.239
kell0,100089546,2016-02-06 09:22:00,2016-02-06 09:54:00,32,3.421
kell0,100089547,2016-02-06 10:27:52,2016-02-06 13:19:52,172,99.967
kell0,100089548,2016-02-06 14:09:46,2016-02-06 19:13:46,304,255.066
kell0,100089549,2016-02-06 19:53:10,2016-02-06 20:18:10,25,10.592
kell0,100089550,2016-02-07 07:45:40,2016-02-07 09:39:40,114,105.106
kell0,100089551,2016-02-07 10:13:18,2016-02-07 11:40:18,87,68.141
kell0,100089552,2016-02-07 12:43:52,2016-02-07 13:29:52,46,30.662
kell0,100089553,2016-02-07 13:54:38,2016-02-07 15:59:38,125,97.614
kell0,100089554,2016-02-07 16:28:26,2016-02-07 18:14:26,106,92.236
kell0,100089555,2016-02-07 19:06:00,2016-02-07 20:28:00,82,73.26
kell0,100089556,2016-02-08 06:54:54,2016-02-08 08:35:54,101,67.719
kell0,100089557,2016-02-08 09:36:10,2016-02-08 10:14:10,38,0.587
kell0,100089558,2016-02-08 10:36:12,2016-02-08 10:49:12,13,1.001
kell0,100089559,2016-02-08 11:18:30,2016-02-08 11:43:30,25,1.827
kell0,100089560,2016-02-08 12:36:12,2016-02-08 14:02:12,86,63.857
kell0,100089561,2016-02-08 14:46:20,2016-02-08 18:33:20,227,165.617
kell0,100089562,2016-02-08 19:28:22,2016-02-08 19:54:22,26,7.308
kell0,100089563,2016-02-09 06:25:08,2016-02-09 06:42:08,17,9.211
kell0,100089564,2016-02-09 07:47:06,2016-02-09 09:05:06,78,53.513
kell0,100089565,2016-02-09 10:09:44,2016-02-09 12:28:44,139,134.831
kell0,100089566,2016-02-09 12:51:10,2016-02-09 17:28:10,277,92.157
kell0,100089567,2016-02-09 18:05:56,2016-02-09 19:43:56,98,64.697
kell0,100089568,2016-02-12 08:01:16,2016-02-12 09:40:16,99,68.257
rice30,100096922,2015-04-01 12:37:40,2015-04-01 13:10:40,33,16.806
farj7,100108927,2016-02-25 10:50:32,2016-02-25 11:00:32,10,0.529
farj7,100108928,2016-02-25 11:43:00,2016-02-25 15:26:00,223,166.803
farj7,100108929,2016-02-25 16:36:10,2016-02-25 17:39:10,63,44.122
farj7,100108930,2016-02-25 18:23:00,2016-02-25 21:46:00,203,135.963
farj7,100108931,2016-02-28 08:33:12,2016-02-28 11:41:12,188,134.222
farj7,100108932,2016-02-28 12:19:54,2016-02-28 16:03:54,224,177.355
farj7,100108933,2016-02-28 16:40:44,2016-02-28 18:46:44,126,93.596
farj7,100108934,2016-02-29 07:18:52,2016-02-29 08:09:52,51,14.042
farj7,100108935,2016-02-29 08:37:04,2016-02-29 12:16:04,219,175.35
farj7,100108936,2016-02-29 13:12:56,2016-02-29 18:05:56,293,207.197
farj7,100108937,2016-02-29 18:32:26,2016-02-29 18:52:26,20,1.465
farj7,100108938,2016-03-01 07:08:54,2016-03-01 12:10:54,302,232.136
farj7,100108939,2016-03-01 13:10:30,2016-03-01 14:14:30,64,37.267
farj7,100108940,2016-03-01 15:01:40,2016-03-01 17:04:40,123,91.194
farj7,100108941,2016-03-01 17:27:38,2016-03-01 18:14:38,47,7.868
farj7,100108942,2016-03-02 06:20:00,2016-03-02 06:25:00,5,1.995
farj7,100108943,2016-03-02 08:07:16,2016-03-02 09:30:16,83,63.509
farj7,100108944,2016-03-02 09:54:16,2016-03-02 13:28:16,214,180.925
farj7,100108945,2016-03-02 14:13:34,2016-03-02 16:38:34,145,56.636
farj7,100108946,2016-03-03 07:04:46,2016-03-03 07:08:46,4,0.497
farj7,100108947,2016-03-03 07:34:34,2016-03-03 09:16:34,102,72.149
farj7,100108948,2016-03-03 09:36:58,2016-03-03 09:43:58,7,0.148
farj7,100108949,2016-03-03 10:38:36,2016-03-03 11:08:36,30,1.138
farj7,100108950,2016-03-03 11:47:10,2016-03-03 14:07:10,140,71.994
farj7,100108951,2016-03-03 14:47:18,2016-03-03 15:01:18,14,0.311
farj7,100108952,2016-03-03 15:38:10,2016-03-03 16:01:10,23,1.918
farj7,100108953,2016-03-06 07:01:12,2016-03-06 07:36:12,35,1.322
farj7,100108954,2016-03-06 07:59:00,2016-03-06 11:54:00,235,210.279
farj7,100108955,2016-03-06 12:45:50,2016-03-06 13:37:50,52,39.813
farj7,100108956,2016-03-06 14:15:22,2016-03-06 14:21:22,6,3.452
farj7,100108957,2016-03-06 14:51:48,2016-03-06 18:34:48,223,184.826
farj7,100108958,2016-03-07 08:18:18,2016-03-07 09:28:18,70,50.523
farj7,100108959,2016-03-07 09:55:28,2016-03-07 12:52:28,177,162.466
farj7,100108960,2016-03-07 13:44:00,2016-03-07 15:30:00,106,64.376
farj7,100108961,2016-03-07 16:18:50,2016-03-07 16:48:50,30,2.304
farj7,100108962,2016-03-07 18:32:44,2016-03-07 19:09:44,37,11.456
farj7,100108963,2016-03-08 05:26:52,2016-03-08 10:00:52,274,229.056
farj7,100108964,2016-03-08 12:30:08,2016-03-08 13:44:08,74,42.891
farj7,100108965,2016-03-08 14:42:44,2016-03-08 15:13:44,31,25.339
farj7,100108966,2016-03-08 15:52:10,2016-03-08 18:19:10,147,122.344
farj7,100108967,2016-03-09 05:48:34,2016-03-09 08:01:34,133,64.884
farj7,100108968,2016-03-09 08:48:16,2016-03-09 09:20:16,32,13.058
farj7,100108969,2016-03-09 09:54:18,2016-03-09 13:30:18,216,189.16
farj7,100108970,2016-03-09 14:08:10,2016-03-09 19:30:10,322,241.817
farj7,100108971,2016-03-10 07:46:40,2016-03-10 08:46:40,60,3.219
farj7,100108972,2016-03-10 09:17:10,2016-03-10 13:35:10,258,208.37
farj7,100108973,2016-03-10 14:19:36,2016-03-10 14:44:36,25,2.128
farj7,100108974,2016-03-10 15:29:08,2016-03-10 21:04:08,335,255.957
farj7,100108975,2016-03-13 08:38:10,2016-03-13 10:47:10,129,26.132
farj7,100108976,2016-03-13 13:10:52,2016-03-13 13:14:52,4,0.352
farj7,100108977,2016-03-13 13:50:34,2016-03-13 14:45:34,55,34.425
farj7,100108978,2016-03-13 15:09:12,2016-03-13 18:26:12,197,192.713
farj7,100108979,2016-03-13 19:02:34,2016-03-13 20:46:34,104,84.328
farj7,100108980,2016-03-14 07:25:54,2016-03-14 07:31:54,6,0.214
farj7,100108981,2016-03-14 10:47:12,2016-03-14 14:06:12,199,117.218
farj7,100108982,2016-03-14 14:34:14,2016-03-14 19:13:14,279,203.632
farj7,100108983,2016-03-14 19:51:18,2016-03-14 20:37:18,46,3.456
farj7,100108984,2016-03-15 08:06:18,2016-03-15 08:58:18,52,2.76
farj7,100108985,2016-03-15 09:22:18,2016-03-15 12:35:18,193,166.765
farj7,100108986,2016-03-15 13:51:44,2016-03-15 14:59:44,68,47.362
farj7,100108987,2016-03-15 16:29:58,2016-03-15 19:54:58,205,168.92
farj7,100108988,2016-03-15 20:23:02,2016-03-15 21:12:02,49,35.895
farj7,100108989,2016-03-16 08:17:42,2016-03-16 09:29:42,72,39.608
farj7,100108990,2016-03-16 10:02:26,2016-03-16 10:08:26,6,1.494
farj7,100108991,2016-03-16 10:32:00,2016-03-16 14:39:00,247,69.279
farj7,100108992,2016-03-16 15:18:46,2016-03-16 16:01:46,43,16.712
farj7,100108993,2016-03-16 16:33:18,2016-03-16 16:46:18,13,1.025
farj7,100108994,2016-03-16 17:09:46,2016-03-16 18:16:46,67,17.013
farj7,100108995,2016-03-17 08:40:44,2016-03-17 12:15:44,215,198.102
farj7,100108996,2016-03-17 13:02:20,2016-03-17 15:01:20,119,88.878
farj7,100108997,2016-03-17 15:41:42,2016-03-17 19:14:42,213,134.106
farj7,100108998,2016-03-20 07:06:34,2016-03-20 14:51:34,465,372.129
farj7,100108999,2016-03-20 15:30:08,2016-03-20 16:45:08,75,67.612
farj7,100109000,2016-03-20 17:38:32,2016-03-20 18:26:32,48,28.615
farj7,100109001,2016-03-21 06:59:16,2016-03-21 11:14:16,255,206.287
farj7,100109002,2016-03-21 12:38:42,2016-03-21 17:07:42,269,206.057
farj7,100109003,2016-03-21 17:32:44,2016-03-21 20:59:44,207,136.214
farj7,100109004,2016-03-22 08:47:18,2016-03-22 12:20:18,213,165.415
farj7,100109005,2016-03-22 13:06:20,2016-03-22 13:37:20,31,25.05
farj7,100109006,2016-03-22 14:03:38,2016-03-22 15:29:38,86,77.515
farj7,100109007,2016-03-22 16:08:22,2016-03-22 17:31:22,83,61.534
farj7,100109008,2016-03-23 08:17:38,2016-03-23 10:13:38,116,80.947
farj7,100109009,2016-03-23 10:56:50,2016-03-23 16:53:50,357,244.143
farj7,100109010,2016-03-23 17:30:20,2016-03-23 18:31:20,61,29.14
farj7,100109011,2016-03-24 08:21:42,2016-03-24 08:58:42,37,12.82
farj7,100109012,2016-03-24 09:22:02,2016-03-24 09:58:02,36,30.924
farj7,100109013,2016-03-24 10:21:52,2016-03-24 13:25:52,184,152.079
farj7,100109014,2016-03-24 13:54:42,2016-03-24 15:01:42,67,21.029
farj7,100109015,2016-03-27 08:17:36,2016-03-27 12:59:36,282,203.9
farj7,100109016,2016-03-27 13:36:40,2016-03-27 15:46:40,130,65.828
farj7,100109017,2016-03-27 16:23:42,2016-03-27 19:42:42,199,148.001
farj7,100109018,2016-03-28 07:54:52,2016-03-28 12:30:52,276,192.928
farj7,100109019,2016-03-28 13:39:12,2016-03-28 17:01:12,202,155.819
farj7,100109020,2016-03-29 05:38:24,2016-03-29 10:16:24,278,215.469
farj7,100109021,2016-03-29 11:44:48,2016-03-29 14:05:48,141,110.446
farj7,100109022,2016-03-29 15:06:42,2016-03-29 18:59:42,233,169.536
hunt,100130344,2016-02-19 19:34:10,2016-02-19 19:46:10,12,0.71
hunt,100130345,2016-02-19 21:04:34,2016-02-19 23:37:34,153,97.633
hunt,100130346,2016-02-20 10:05:34,2016-02-20 14:55:34,290,280.841
hunt,100130347,2016-02-21 22:02:00,2016-02-22 02:03:00,241,208.615
hunt,100130348,2016-02-22 07:57:00,2016-02-22 09:50:00,113,102.019
hunt,100130349,2016-02-22 10:26:36,2016-02-22 10:46:36,20,18.553
hunt,100130350,2016-02-22 21:21:46,2016-02-23 00:16:46,175,140.325
hunt,100130351,2016-02-23 01:19:10,2016-02-23 01:27:10,8,0.226
hunt,100130352,2016-02-23 01:58:06,2016-02-23 02:31:06,33,3.944
hunt,100130353,2016-02-23 03:15:08,2016-02-23 03:40:08,25,0.251
hunt,100130354,2016-02-23 05:17:42,2016-02-23 05:25:42,8,0.282
hunt,100130355,2016-02-23 06:17:10,2016-02-23 09:43:10,206,149.64
hunt,100130356,2016-02-23 20:23:48,2016-02-23 22:55:48,152,138.95
hunt,100130357,2016-02-24 00:36:06,2016-02-24 01:01:06,25,0.806
hunt,100130358,2016-02-24 03:12:30,2016-02-24 04:46:30,94,84.348
hunt,100130359,2016-02-24 15:08:08,2016-02-24 16:32:08,84,42.489
hunt,100130360,2016-02-24 16:57:34,2016-02-24 17:01:34,4,0.209
hunt,100130361,2016-02-24 17:37:32,2016-02-24 17:39:32,2,0.279
hunt,100130362,2016-02-24 18:34:04,2016-02-24 20:42:04,128,101.808
hunt,100130363,2016-02-24 21:33:20,2016-02-25 01:09:20,216,135.236
hunt,100130364,2016-02-25 01:55:12,2016-02-25 02:09:12,14,4.15
hunt,100130365,2016-02-25 14:51:18,2016-02-25 17:48:18,177,74.75
hunt,100130366,2016-02-25 18:22:42,2016-02-25 22:48:42,266,234.887
hunt,100130367,2016-02-25 23:40:24,2016-02-26 01:34:24,114,92.035
hunt,100130368,2016-02-26 02:05:48,2016-02-26 02:08:48,3,2.625
hunt,100130369,2016-02-26 02:32:10,2016-02-26 03:45:10,73,63.743
hunt,100130370,2016-02-26 14:05:04,2016-02-26 16:00:04,115,81.927
hunt,100130371,2016-03-01 07:47:10,2016-03-01 08:09:10,22,6.8
hunt,100130372,2016-03-01 08:40:30,2016-03-01 12:21:30,221,202.669
hunt,100130373,2016-03-01 13:19:32,2016-03-01 16:42:32,203,173.281
hunt,100130374,2016-03-02 03:27:22,2016-03-02 08:54:22,327,150.252
hunt,100130375,2016-03-02 09:51:24,2016-03-02 14:10:24,259,184.7
hunt,100130376,2016-03-02 14:36:20,2016-03-02 16:57:20,141,83.045
hunt,100130377,2016-03-03 06:17:20,2016-03-03 06:29:20,12,0.87
hunt,100130378,2016-03-03 07:33:56,2016-03-03 07:46:56,13,0.827
hunt,100130379,2016-03-03 08:47:38,2016-03-03 12:00:38,193,166.289
hunt,100130380,2016-03-03 12:49:20,2016-03-03 13:13:20,24,16.559
hunt,100130381,2016-03-03 13:56:06,2016-03-03 18:01:06,245,232.202
hunt,100130382,2016-03-03 18:27:58,2016-03-03 18:48:58,21,6.901
hunt,100130383,2016-03-07 13:01:28,2016-03-07 16:46:28,225,179.485
hunt,100155115,2016-02-16 22:26:46,2016-02-17 00:36:46,130,110.971
hunt,100155117,2016-02-17 13:29:32,2016-02-17 15:48:32,139,109.125
hunt,100155118,2016-02-17 16:15:08,2016-02-17 18:06:08,111,49.943
hunt,100155122,2016-02-18 11:22:52,2016-02-18 16:06:52,284,257.451
hunt,100155123,2016-02-18 18:12:10,2016-02-18 18:31:10,19,10.113
hunt,100155124,2016-02-18 19:55:32,2016-02-18 21:17:32,82,58.086
hunt,100155125,2016-02-18 22:53:04,2016-02-18 22:56:04,3,0.241
hunt,100155128,2016-02-19 13:01:40,2016-02-19 14:40:40,99,52.238
hunt,100155129,2016-02-19 15:11:40,2016-02-19 15:36:40,25,3.335
canj1,100160724,2015-10-23 08:09:26,2015-10-23 08:37:26,28,4.473
canj1,100160725,2015-10-23 09:04:24,2015-10-23 11:21:24,137,46.721
canj1,100160726,2015-10-23 12:00:36,2015-10-23 15:37:36,217,164.576
canj1,100160727,2015-10-23 16:38:10,2015-10-23 18:37:10,119,52.907
canj1,100160728,2015-10-26 07:49:04,2015-10-26 10:52:04,183,104.085
canj1,100160729,2015-10-26 12:02:10,2015-10-26 12:52:10,50,6.322
canj1,100160730,2015-10-26 13:47:44,2015-10-26 15:06:44,79,10.438
canj1,100160731,2015-10-27 01:59:48,2015-10-27 04:21:48,142,84.896
canj1,100160732,2015-10-27 05:45:52,2015-10-27 07:58:52,133,85.852
canj1,100160733,2015-10-28 08:05:08,2015-10-28 08:22:08,17,3.996
canj1,100160734,2015-10-28 08:42:58,2015-10-28 08:52:58,10,0.877
canj1,100160735,2015-10-28 09:20:36,2015-10-28 13:05:36,225,106.378
canj1,100160736,2015-10-28 13:59:54,2015-10-28 14:22:54,23,15.939
canj1,100160737,2015-10-28 14:56:06,2015-10-28 15:33:06,37,7.719
canj1,100160738,2015-10-28 16:42:46,2015-10-28 20:19:46,217,140.783
canj1,100160739,2015-10-29 07:47:52,2015-10-29 09:43:52,116,38.41
canj1,100160740,2015-10-29 10:44:14,2015-10-29 12:14:14,90,66.123
canj1,100160741,2015-10-29 12:41:34,2015-10-29 16:18:34,217,144.097
canj1,100160742,2015-10-29 16:40:18,2015-10-29 18:57:18,137,95.078
canj1,100160743,2015-10-29 19:32:44,2015-10-29 21:56:44,144,124.686
canj1,100160744,2015-10-30 00:00:50,2015-10-30 00:06:50,6,1.411
canj1,100160745,2015-10-30 09:27:12,2015-10-30 11:30:12,123,108.335
canj1,100160746,2015-10-30 12:04:50,2015-10-30 16:15:50,251,168.311
canj1,100160747,2015-10-30 18:00:48,2015-10-30 19:42:48,102,40.005
canj1,100160748,2015-10-30 20:04:52,2015-10-30 21:17:52,73,68.84
canj1,100160749,2015-11-02 06:26:48,2015-11-02 09:42:48,196,119.464
canj1,100160750,2015-11-02 10:48:12,2015-11-02 11:22:12,34,5.939
canj1,100160751,2015-11-02 12:00:12,2015-11-02 14:17:12,137,99.615
canj1,100160752,2015-11-02 14:50:48,2015-11-02 16:51:48,121,85.819
canj1,100160753,2015-11-02 19:38:36,2015-11-02 20:06:36,28,17.154
canj1,100160754,2015-11-03 06:29:40,2015-11-03 07:22:40,53,50.601
canj1,100160755,2015-11-03 08:08:28,2015-11-03 08:21:28,13,9.28
canj1,100160756,2015-11-03 09:03:32,2015-11-03 12:15:32,192,135.351
canj1,100160757,2015-11-03 15:41:28,2015-11-03 17:11:28,90,43.533
canj1,100160758,2015-11-03 17:52:52,2015-11-03 20:00:52,128,55.971
canj1,100160759,2015-11-04 07:57:26,2015-11-04 08:49:26,52,7.297
canj1,100160760,2015-11-04 09:41:50,2015-11-04 11:21:50,100,39.07
canj1,100160761,2015-11-04 21:39:14,2015-11-04 22:34:14,55,42.157
canj1,100160762,2015-11-05 09:08:00,2015-11-05 12:21:00,193,54.217
canj1,100160763,2015-11-05 13:01:30,2015-11-05 15:37:30,156,111.915
canj1,100160764,2015-11-05 16:03:22,2015-11-05 16:05:22,2,0.271
canj1,100160765,2015-11-05 16:30:26,2015-11-05 17:25:26,55,44.499
canj1,100160766,2015-11-05 18:09:36,2015-11-05 18:50:36,41,28.952
canj1,100160767,2015-11-05 19:12:38,2015-11-05 23:24:38,252,146.953
canj1,100160768,2015-11-05 23:53:18,2015-11-06 00:42:18,49,1.896
canj1,100160769,2015-11-06 10:19:40,2015-11-06 11:49:40,90,59.615
canj1,100160770,2015-11-06 12:54:28,2015-11-06 13:22:28,28,5.281
canj1,100160771,2015-11-06 15:45:26,2015-11-06 19:05:26,200,112.929
canj1,100160772,2015-11-06 19:59:54,2015-11-06 20:07:54,8,0.308
canj1,100160773,2015-11-06 21:08:10,2015-11-06 21:22:10,14,10.266
canj1,100160774,2015-11-07 08:39:42,2015-11-07 11:06:42,147,79.387
canj1,100160775,2015-11-07 12:28:18,2015-11-07 16:18:18,230,178.603
canj1,100160776,2015-11-07 16:53:10,2015-11-07 17:21:10,28,1.641
canj1,100160777,2015-11-07 17:57:30,2015-11-07 18:08:30,11,2.477
canj1,100160778,2015-11-07 19:00:42,2015-11-07 21:37:42,157,112.006
canj1,100160779,2015-11-09 08:24:26,2015-11-09 11:00:26,156,107.066
canj1,100160780,2015-11-09 11:52:40,2015-11-09 14:56:40,184,121.087
canj1,100160781,2015-11-09 15:32:44,2015-11-09 15:42:44,10,6.138
canj1,100160782,2015-11-09 16:18:26,2015-11-09 16:23:26,5,1.68
canj1,100160783,2015-11-09 17:37:08,2015-11-09 21:37:08,240,153.18
canj1,100160784,2015-11-10 07:26:08,2015-11-10 09:52:08,146,62.73
canj1,100160785,2015-11-10 10:44:20,2015-11-10 14:34:20,230,125.006
canj1,100160786,2015-11-10 15:36:34,2015-11-10 15:55:34,19,6.36
canj1,100160787,2015-11-10 16:26:24,2015-11-10 18:48:24,142,115.487
canj1,100160788,2015-11-10 19:23:00,2015-11-10 21:33:00,130,118.814
canj1,100160789,2015-11-11 08:27:20,2015-11-11 11:02:20,155,126.47
canj1,100160790,2015-11-11 12:44:58,2015-11-11 17:57:58,313,217.064
canj1,100160791,2015-11-11 18:53:40,2015-11-11 19:20:40,27,7.222
canj1,100160792,2015-11-12 05:48:48,2015-11-12 09:41:48,233,175.571
canj1,100160793,2015-11-12 12:38:00,2015-11-12 12:59:00,21,5.366
canj1,100160794,2015-11-12 16:09:18,2015-11-12 16:17:18,8,0.62
canj1,100160795,2015-11-12 17:27:24,2015-11-12 18:44:24,77,40.79
canj1,100160796,2015-11-13 05:55:52,2015-11-13 11:49:52,354,182.788
canj1,100160797,2015-11-13 12:24:14,2015-11-13 13:17:14,53,40.144
canj1,100160798,2015-11-13 13:57:18,2015-11-13 14:22:18,25,22.171
canj1,100160799,2015-11-16 05:25:16,2015-11-16 07:26:16,121,106.835
canj1,100160800,2015-11-16 08:02:06,2015-11-16 13:01:06,299,175.495
canj1,100160801,2015-11-16 13:38:26,2015-11-16 14:18:26,40,23.231
canj1,100160802,2015-11-16 14:59:50,2015-11-16 15:28:50,29,22.839
canj1,100160803,2015-11-16 16:21:32,2015-11-16 17:41:32,80,77.013
canj1,100160804,2015-11-17 06:32:58,2015-11-17 09:03:58,151,109.004
canj1,100160805,2015-11-17 09:24:42,2015-11-17 10:25:42,61,2.338
canj1,100160806,2015-11-17 10:48:52,2015-11-17 13:15:52,147,114.925
canj1,100160807,2015-11-17 14:09:28,2015-11-17 14:17:28,8,1.476
canj1,100160808,2015-11-17 15:00:00,2015-11-17 15:37:00,37,32.285
canj1,100160809,2015-11-17 19:58:50,2015-11-17 20:14:50,16,5.174
canj1,100160810,2015-11-18 06:23:32,2015-11-18 07:12:32,49,40.09
canj1,100160811,2015-11-18 07:38:00,2015-11-18 13:44:00,366,237.463
canj1,100160812,2015-11-18 14:12:18,2015-11-18 16:07:18,115,94.093
canj1,100160813,2015-11-18 16:28:16,2015-11-18 16:30:16,2,0.302
canj1,100160814,2015-11-18 17:01:14,2015-11-18 18:15:14,74,3.339
canj1,100160815,2015-11-18 19:02:46,2015-11-18 19:15:46,13,1.248
canj1,100160816,2015-11-19 05:30:30,2015-11-19 10:31:30,301,226.164
canj1,100160817,2015-11-19 11:19:58,2015-11-19 11:45:58,26,12.846
canj1,100160818,2015-11-19 12:19:20,2015-11-19 14:07:20,108,27.185
canj1,100160819,2015-11-19 14:41:18,2015-11-19 17:26:18,165,117.754
canj1,100160820,2015-11-19 17:49:44,2015-11-19 18:51:44,62,16.952
canj1,100160821,2015-11-20 05:08:32,2015-11-20 05:33:32,25,18.869
canj1,100160822,2015-11-20 05:57:26,2015-11-20 10:04:26,247,166.973
canj1,100160823,2015-11-20 10:43:52,2015-11-20 10:44:52,1,0.198
canj1,100160824,2015-11-20 11:14:24,2015-11-20 14:46:24,212,129.394
canj1,100160825,2015-11-20 15:08:28,2015-11-20 15:12:28,4,0.427
canj1,100160826,2015-11-20 16:00:20,2015-11-20 21:07:20,307,178.79
woow59,100161702,2015-04-07 08:10:40,2015-04-07 10:34:40,144,114.3
woow59,100161703,2015-04-07 11:47:10,2015-04-07 12:16:10,29,11.784
woow59,100161704,2015-04-07 12:50:12,2015-04-07 15:14:12,144,110.407
woow59,100161705,2015-04-07 15:35:02,2015-04-07 17:28:02,113,45.242
woow59,100161706,2015-04-08 05:20:04,2015-04-08 06:49:04,89,72.007
woow59,100161707,2015-04-08 07:55:22,2015-04-08 11:37:22,222,177.985
woow59,100161708,2015-04-08 12:18:14,2015-04-08 14:59:14,161,132.346
woow59,100161709,2015-04-08 15:33:54,2015-04-08 16:17:54,44,44.967
woow59,100161710,2015-04-09 05:59:18,2015-04-09 08:12:18,133,71.147
woow59,100161711,2015-04-09 09:07:24,2015-04-09 12:41:24,214,179.925
woow59,100161712,2015-04-09 14:00:54,2015-04-09 15:34:54,94,83.728
woow59,100161713,2015-04-10 01:59:36,2015-04-10 05:34:36,215,198.479
woow59,100161714,2015-04-10 06:40:42,2015-04-10 10:54:42,254,236.333
woow59,100161715,2015-04-10 21:23:14,2015-04-11 00:53:14,210,194.604
woow59,100161716,2015-04-11 01:26:10,2015-04-11 05:12:10,226,167.42
woow59,100161717,2015-04-13 10:20:06,2015-04-13 13:00:06,160,114.624
woow59,100161718,2015-04-13 13:26:00,2015-04-13 14:17:00,51,20.199
woow59,100161719,2015-04-13 14:55:46,2015-04-13 15:46:46,51,21.217
woow59,100161720,2015-04-13 16:31:46,2015-04-13 16:40:46,9,1.125
woow59,100161721,2015-04-13 18:41:38,2015-04-13 18:47:38,6,0.943
woow59,100161722,2015-04-13 19:08:28,2015-04-13 19:09:28,1,0.352
woow59,100161723,2015-04-13 19:48:46,2015-04-13 20:01:46,13,1.116
woow59,100161724,2015-04-14 03:27:00,2015-04-14 03:33:00,6,0.44
woow59,100161725,2015-04-14 04:19:12,2015-04-14 10:19:12,360,318.208
woow59,100161726,2015-04-14 10:51:38,2015-04-14 12:09:38,78,52.88
woow59,100161727,2015-04-14 13:42:00,2015-04-14 14:33:00,51,30.631
woow59,100161728,2015-04-15 06:48:28,2015-04-15 07:04:28,16,5.869
woow59,100161729,2015-04-15 08:23:16,2015-04-15 11:16:16,173,136.897
woow59,100161730,2015-04-15 11:38:58,2015-04-15 13:03:58,85,82.814
woow59,100161731,2015-04-15 13:26:02,2015-04-15 15:34:02,128,116.064
woow59,100161732,2015-04-15 16:07:34,2015-04-15 16:45:34,38,1.254
woow59,100161733,2015-04-16 03:09:28,2015-04-16 05:44:28,155,128.603
woow59,100161734,2015-04-16 06:24:44,2015-04-16 07:59:44,95,62.184
woow59,100161735,2015-04-16 08:31:52,2015-04-16 10:32:52,121,92.034
woow59,100161736,2015-04-16 11:45:58,2015-04-16 12:46:58,61,35.558
woow59,100161737,2015-04-16 13:23:04,2015-04-16 15:01:04,98,37.64
woow59,100161738,2015-04-16 15:40:26,2015-04-16 16:17:26,37,1.592
woow59,100161739,2015-04-16 19:50:02,2015-04-16 20:14:02,24,1.077
woow59,100161740,2015-04-17 02:21:16,2015-04-17 02:29:16,8,0.254
woow59,100161741,2015-04-17 03:03:16,2015-04-17 03:40:16,37,27.117
woow59,100161742,2015-04-17 04:13:46,2015-04-17 08:41:46,268,234.949
woow59,100161743,2015-04-17 10:41:32,2015-04-17 12:01:32,80,48.56
woow59,100161744,2015-04-17 12:40:52,2015-04-17 13:29:52,49,33.407
woow59,100161745,2015-04-17 23:51:42,2015-04-18 01:34:42,103,94.871
woow59,100161746,2015-04-18 05:31:20,2015-04-18 09:47:20,256,221.047
woow59,100161747,2015-05-03 13:24:40,2015-05-03 15:44:40,140,88.988
woow59,100177470,2015-05-28 12:51:40,2015-05-28 14:01:40,70,5.955
woow59,100177471,2015-05-28 14:50:16,2015-05-28 16:28:16,98,62.429
woow59,100177472,2015-05-28 16:49:16,2015-05-28 20:34:16,225,193.726
woow59,100177473,2015-05-29 06:35:06,2015-05-29 06:54:06,19,6.88
woow59,100177474,2015-05-29 07:42:38,2015-05-29 10:10:38,148,124.887
woow59,100177475,2015-05-29 11:25:26,2015-05-29 12:37:26,72,61.829
woow59,100177476,2015-05-29 13:01:32,2015-05-29 18:04:32,303,235.149
woow59,100177477,2015-05-30 06:20:32,2015-05-30 07:09:32,49,4.398
woow59,100177478,2015-05-30 07:37:34,2015-05-30 13:17:34,340,251.397
woow59,100177479,2015-05-30 13:48:36,2015-05-30 14:34:36,46,35.364
woow59,100177480,2015-05-30 15:02:30,2015-05-30 16:40:30,98,46.174
woow59,100177481,2015-05-30 17:20:00,2015-05-30 19:03:00,103,54.525
woow59,100177482,2015-05-31 05:53:28,2015-05-31 11:28:28,335,270.838
woow59,100177483,2015-05-31 12:46:20,2015-05-31 12:59:20,13,4.904
woow59,100177484,2015-05-31 13:58:26,2015-05-31 15:04:26,66,52.998
woow59,100177485,2015-05-31 15:25:46,2015-05-31 18:14:46,169,110.177
woow59,100177486,2015-05-31 19:35:04,2015-05-31 19:43:04,8,5.058
woow59,100177487,2015-06-04 10:35:40,2015-06-04 10:45:40,10,4.978
woow59,100177488,2015-06-04 12:00:34,2015-06-04 12:21:34,21,6.647
woow59,100177489,2015-06-04 13:23:22,2015-06-04 13:31:22,8,5.045
woow59,100177490,2015-06-04 14:56:16,2015-06-04 15:05:16,9,5.925
woow59,100177491,2015-06-04 16:15:12,2015-06-04 16:24:12,9,0.995
woow59,100177492,2015-06-04 17:01:16,2015-06-04 17:03:16,2,0.687
sunc,100231787,2015-12-20 19:00:02,2015-12-20 22:48:02,228,208.248
sunc,100231788,2015-12-21 10:46:24,2015-12-21 11:18:24,32,19.767
sunc,100231789,2015-12-21 11:44:08,2015-12-21 12:35:08,51,31.614
sunc,100231790,2015-12-21 13:47:52,2015-12-21 14:25:52,38,18.796
sunc,100231791,2015-12-21 15:05:16,2015-12-21 15:34:16,29,12.339
sunc,100231792,2015-12-21 16:00:36,2015-12-21 17:31:36,91,51.884
sunc,100231793,2015-12-21 18:27:10,2015-12-21 18:33:10,6,1.013
sunc,100231794,2015-12-22 08:23:40,2015-12-22 10:09:40,106,86.621
sunc,100231795,2015-12-22 10:35:42,2015-12-22 11:27:42,52,5.55
sunc,100231796,2015-12-22 11:52:38,2015-12-22 13:36:38,104,52.318
sunc,100231797,2015-12-23 09:15:52,2015-12-23 13:23:52,248,214.379
sunc,100231798,2015-12-23 14:04:10,2015-12-23 16:01:10,117,49.165
sunc,100231799,2015-12-23 16:29:04,2015-12-23 16:51:04,22,1.433
sunc,100231800,2015-12-23 17:58:40,2015-12-23 18:15:40,17,2.886
sunc,100231801,2015-12-24 06:24:58,2015-12-24 09:22:58,178,142.006
sunc,100231802,2015-12-27 16:24:14,2015-12-27 17:47:14,83,24.642
sunc,100231803,2015-12-27 18:21:02,2015-12-27 22:27:02,246,212.233
sunc,100231804,2015-12-28 09:13:46,2015-12-28 09:53:46,40,30.286
sunc,100231805,2015-12-28 10:43:26,2015-12-28 11:16:26,33,13.619
sunc,100231806,2015-12-28 12:44:40,2015-12-28 14:05:40,81,41.18
sunc,100231807,2015-12-28 14:36:16,2015-12-28 16:33:16,117,80.136
sunc,100231808,2015-12-29 13:49:00,2015-12-29 16:40:00,171,138.756
sunc,100231809,2015-12-29 17:49:32,2015-12-29 18:34:32,45,33.886
sunc,100231810,2015-12-30 09:49:10,2015-12-30 11:38:10,109,83.709
sunc,100231811,2015-12-30 12:15:04,2015-12-30 13:18:04,63,4.813
sunc,100231812,2015-12-30 13:49:50,2015-12-30 15:33:50,104,74.231
sunc,100231813,2015-12-30 16:00:48,2015-12-30 16:03:48,3,1.27
sunc,100231814,2015-12-30 22:07:16,2015-12-30 22:36:16,29,29.847
sunc,100245236,2015-12-31 10:54:06,2015-12-31 12:47:06,113,88.683
sunc,100245237,2015-12-31 13:08:50,2015-12-31 14:12:50,64,55.064
sunc,100245238,2016-01-03 12:13:30,2016-01-03 16:49:30,276,150.376
sunc,100245239,2016-01-03 17:19:42,2016-01-03 17:56:42,37,0.946
sunc,100245240,2016-01-03 18:46:58,2016-01-03 19:59:58,73,52.08
sunc,100245241,2016-01-03 20:54:32,2016-01-03 23:54:32,180,169.265
sunc,100245242,2016-01-04 10:26:52,2016-01-04 11:01:52,35,22.025
sunc,100245243,2016-01-04 11:34:54,2016-01-04 11:41:54,7,0.679
sunc,100245244,2016-01-04 12:21:28,2016-01-04 13:42:28,81,75.073
sunc,100245245,2016-01-04 15:06:20,2016-01-04 15:18:20,12,8.746
sunc,100245246,2016-01-04 15:57:08,2016-01-04 18:06:08,129,94.239
sunc,100245247,2016-01-04 18:58:54,2016-01-04 21:30:54,152,138.658
sunc,100245248,2016-01-05 10:14:12,2016-01-05 11:33:12,79,9.036
sunc,100245249,2016-01-05 12:03:30,2016-01-05 13:32:30,89,4.688
sunc,100245250,2016-01-05 14:02:20,2016-01-05 16:13:20,131,43.965
sunc,100245251,2016-01-05 16:34:00,2016-01-05 17:42:00,68,67.926
sunc,100245252,2016-01-05 18:24:20,2016-01-05 19:28:20,64,62.89
sunc,100245253,2016-01-05 19:49:06,2016-01-05 22:03:06,134,125.898
sunc,100245254,2016-01-06 12:19:22,2016-01-06 12:25:22,6,1.322
sunc,100245255,2016-01-06 12:47:46,2016-01-06 13:58:46,71,60.477
sunc,100245256,2016-01-06 14:45:28,2016-01-06 20:07:28,322,243.605
sunc,100245257,2016-01-06 20:42:56,2016-01-06 22:51:56,129,74.23
sunc,100245258,2016-01-06 23:28:42,2016-01-07 00:40:42,72,51.235
sunc,100245259,2016-01-07 05:52:10,2016-01-07 05:59:10,7,0.207
sunc,100245260,2016-01-07 11:35:54,2016-01-07 12:52:54,77,53.005
sunc,100245261,2016-01-07 14:14:34,2016-01-07 16:42:34,148,90.069
sunc,100245262,2016-01-07 17:04:12,2016-01-07 19:37:12,153,82.138
sunc,100245263,2016-01-07 20:04:22,2016-01-07 22:58:22,174,136.381
sunc,100245264,2016-01-07 23:19:28,2016-01-07 23:47:28,28,4.713
sunc,100245265,2016-01-10 11:05:58,2016-01-10 11:19:58,14,2.162
sunc,100245266,2016-01-10 13:09:06,2016-01-10 15:48:06,159,57.394
sunc,100245267,2016-01-10 17:04:24,2016-01-10 18:46:24,102,52.467
sunc,100245268,2016-01-11 18:20:20,2016-01-11 22:47:20,267,143.785
sunc,100245269,2016-01-11 23:27:14,2016-01-11 23:38:14,11,1.306
sunc,100245270,2016-01-12 12:27:12,2016-01-12 12:33:12,6,0.986
sunc,100245271,2016-01-12 14:12:32,2016-01-12 18:57:32,285,234.446
sunc,100245272,2016-01-12 19:19:16,2016-01-12 20:02:16,43,32.422
sunc,100245273,2016-01-12 20:50:16,2016-01-12 23:04:16,134,95.934
sunc,100245274,2016-01-12 23:37:14,2016-01-12 23:51:14,14,0.405
sunc,100245275,2016-01-13 10:55:50,2016-01-13 15:50:50,295,226.722
sunc,100245276,2016-01-13 16:24:58,2016-01-13 19:47:58,203,142.714
sunc,100245277,2016-01-13 21:04:16,2016-01-13 23:51:16,167,19.039
sunc,100245278,2016-01-14 10:41:16,2016-01-14 11:34:16,53,7.275
sunc,100245279,2016-01-14 12:15:36,2016-01-14 12:18:36,3,0.45
sunc,100245280,2016-01-14 12:44:56,2016-01-14 13:53:56,69,45.907
sunc,100245281,2016-01-14 14:28:40,2016-01-14 18:29:40,241,184.764
sunc,100245282,2016-01-14 19:08:32,2016-01-14 19:18:32,10,0.313
sunc,100245283,2016-01-14 19:43:10,2016-01-14 22:43:10,180,147.979
sunc,100245284,2016-01-14 23:58:06,2016-01-15 00:21:06,23,2.208
sunc,100245285,2016-01-15 10:45:36,2016-01-15 11:08:36,23,1.958
sunc,100245286,2016-01-15 13:09:58,2016-01-15 15:17:58,128,62.033
sunc,100245287,2016-01-15 15:58:44,2016-01-15 18:37:44,159,140.254
sunc,100245288,2016-01-15 19:08:30,2016-01-15 22:30:30,202,165.99
sunc,100245289,2016-01-15 23:07:46,2016-01-16 02:25:46,198,142.142
sunc,100245290,2016-01-18 06:34:10,2016-01-18 06:41:10,7,1.239
sunc,100245291,2016-01-18 20:53:28,2016-01-18 21:37:28,44,14.312
sunc,100245292,2016-01-19 12:43:44,2016-01-19 15:59:44,196,141.175
smiv,100267829,2015-07-29 08:35:00,2015-07-29 09:16:00,41,17.684
smiv,100267830,2015-07-29 09:47:26,2015-07-29 11:34:26,107,56.164
smiv,100267831,2015-08-14 07:17:34,2015-08-14 08:19:34,62,15.292
smiv,100267832,2015-08-14 09:53:02,2015-08-14 10:33:02,40,14.91
smiv,100267833,2015-08-14 12:07:18,2015-08-14 13:19:18,72,35.958
smiv,100267834,2015-08-14 13:59:50,2015-08-14 17:18:50,199,83.858
smiv,100267835,2015-08-14 17:51:18,2015-08-14 19:21:18,90,30.532
smiv,100267836,2015-08-15 07:07:34,2015-08-15 09:29:34,142,50.574
smiv,100267837,2015-08-15 09:53:00,2015-08-15 11:42:00,109,43.675
smiv,100267838,2015-08-15 12:05:00,2015-08-15 12:20:00,15,1.18
smiv,100267839,2015-08-15 13:09:42,2015-08-15 13:18:42,9,2.299
smiv,100267840,2015-08-15 13:42:30,2015-08-15 14:48:30,66,39.662
smiv,100267841,2015-08-15 15:10:56,2015-08-15 18:16:56,186,64.861
smiv,100267842,2015-08-18 07:16:02,2015-08-18 08:19:02,63,24.102
smiv,100267843,2015-08-18 10:29:32,2015-08-18 11:40:32,71,22.512
smiv,100267844,2015-08-18 12:42:46,2015-08-18 13:36:46,54,38.108
smiv,100267845,2015-08-18 14:57:14,2015-08-18 15:51:14,54,36.549
smiv,100267846,2015-08-19 07:35:36,2015-08-19 09:32:36,117,57.809
smiv,100267847,2015-08-19 11:32:50,2015-08-19 12:08:50,36,21.74
smiv,100267848,2015-08-19 15:06:40,2015-08-19 16:02:40,56,29.879
smiv,100267849,2015-08-20 07:17:40,2015-08-20 09:12:40,115,47.545
smiv,100267850,2015-08-20 10:15:06,2015-08-20 12:28:06,133,73.294
smiv,100267851,2015-08-20 13:07:28,2015-08-20 14:48:28,101,46.386
smiv,100267852,2015-08-20 15:50:12,2015-08-20 16:08:12,18,0.2
smiv,100267853,2015-08-20 16:38:08,2015-08-20 18:17:08,99,41.46
smiv,100267854,2015-08-21 07:35:04,2015-08-21 07:59:04,24,1.071
smiv,100267855,2015-08-21 08:22:36,2015-08-21 09:55:36,93,45.539
smiv,100267856,2015-08-21 13:08:48,2015-08-21 14:41:48,93,26.228
smiv,100267857,2015-08-21 15:09:10,2015-08-21 16:14:10,65,32.27
smiv,100267858,2015-08-21 17:35:14,2015-08-21 19:32:14,117,64.623
smiv,100267859,2015-08-22 07:09:34,2015-08-22 08:33:34,84,31.486
smiv,100267860,2015-08-22 09:35:14,2015-08-22 09:48:14,13,1.25
smiv,100267861,2015-08-22 10:13:10,2015-08-22 10:43:10,30,18.861
smiv,100267862,2015-08-22 11:05:16,2015-08-22 11:15:16,10,3.573
smiv,100267863,2015-08-22 11:51:44,2015-08-22 12:03:44,12,1.87
smiv,100267864,2015-08-22 12:43:02,2015-08-22 13:51:02,68,42.686
smiv,100267865,2015-08-22 15:41:22,2015-08-22 17:55:22,134,76.673
smiv,100267866,2015-08-25 07:31:42,2015-08-25 08:52:42,81,39.841
smiv,100267867,2015-08-25 11:05:12,2015-08-25 11:43:12,38,8.813
smiv,100267868,2015-08-25 12:35:18,2015-08-25 15:54:18,199,72.681
smiv,100267869,2015-08-25 16:20:20,2015-08-25 17:49:20,89,46.49
smiv,100267870,2015-08-25 18:13:34,2015-08-25 20:04:34,111,53.898
smiv,100267871,2015-08-26 07:10:16,2015-08-26 09:10:16,120,31.984
smiv,100267872,2015-08-26 09:57:12,2015-08-26 10:10:12,13,7.142
smiv,100267873,2015-08-26 11:26:44,2015-08-26 12:31:44,65,31.919
smiv,100267874,2015-08-26 12:54:00,2015-08-26 13:02:00,8,0.598
smiv,100267875,2015-08-26 13:26:28,2015-08-26 14:42:28,76,25.624
smiv,100267876,2015-08-26 15:09:04,2015-08-26 16:23:04,74,35.265
smiv,100267877,2015-08-26 16:58:44,2015-08-26 18:32:44,94,32.349
smiv,100267878,2015-08-27 07:09:54,2015-08-27 08:56:54,107,54.55
smiv,100267879,2015-08-27 09:33:06,2015-08-27 11:43:06,130,66.556
smiv,100267880,2015-08-27 13:21:26,2015-08-27 14:30:26,69,31.497
smiv,100267881,2015-08-27 15:38:34,2015-08-27 18:19:34,161,51.002
smiv,100267939,2015-07-29 13:55:34,2015-07-29 14:26:34,31,11.405
smiv,100267940,2015-07-29 15:03:42,2015-07-29 15:05:42,2,0.177
smiv,100267941,2015-07-29 15:55:54,2015-07-29 17:30:54,95,45.146
smiv,100267942,2015-07-30 07:23:36,2015-07-30 10:12:36,169,74.205
lewr10,100270468,2015-04-10 17:53:40,2015-04-10 18:05:40,12,4.48
lewr10,100270469,2015-04-10 18:39:56,2015-04-10 19:44:56,65,15.247
lewr10,100270470,2015-04-10 21:01:54,2015-04-10 22:08:54,67,24.926
lewr10,100270471,2015-04-11 00:31:50,2015-04-11 00:54:50,23,5.1
lewr10,100270472,2015-04-11 02:02:40,2015-04-11 02:43:40,41,11.937
lewr10,100270473,2015-04-11 03:25:22,2015-04-11 05:51:22,146,45.236
lewr10,100270474,2015-04-11 18:16:12,2015-04-11 20:15:12,119,30.311
lewr10,100270475,2015-04-11 20:46:12,2015-04-11 21:35:12,49,22.734
lewr10,100270476,2015-04-11 21:57:12,2015-04-11 22:19:12,22,4.672
lewr10,100270477,2015-04-11 23:17:00,2015-04-12 00:49:00,92,32.681
lewr10,100270478,2015-04-12 01:29:28,2015-04-12 03:04:28,95,30.048
lewr10,100270479,2015-04-13 17:56:40,2015-04-13 19:39:40,103,38.361
lewr10,100270480,2015-04-13 20:18:02,2015-04-13 21:11:02,53,21.086
lewr10,100270481,2015-04-13 21:47:14,2015-04-13 23:45:14,118,23.707
lewr10,100270482,2015-04-14 00:08:28,2015-04-14 00:58:28,50,6.129
lewr10,100270483,2015-04-14 01:34:18,2015-04-14 02:02:18,28,15.865
lewr10,100270484,2015-04-14 02:22:50,2015-04-14 02:45:50,23,6.663
lewr10,100270485,2015-05-18 16:54:26,2015-05-18 17:08:26,14,5.328
lewr10,100270486,2015-05-18 17:29:48,2015-05-18 19:24:48,115,48.956
lewr10,100270487,2015-05-18 20:32:14,2015-05-18 20:45:14,13,1.761
lewr10,100270488,2015-05-18 21:13:48,2015-05-18 23:18:48,125,41.446
lewr10,100270489,2015-05-18 23:42:44,2015-05-19 01:13:44,91,33.151
lewr10,100270490,2015-05-19 01:55:34,2015-05-19 02:33:34,38,23.341
lewr10,100270491,2015-06-04 17:42:26,2015-06-04 18:53:26,71,26.137
lewr10,100270492,2015-06-04 19:27:10,2015-06-04 21:37:10,130,70.413
lewr10,100270493,2015-06-04 22:57:22,2015-06-04 23:44:22,47,23.486
lewr10,100270494,2015-06-05 01:01:24,2015-06-05 04:00:24,179,102.595
lewr10,100270495,2015-06-05 17:01:08,2015-06-05 17:14:08,13,5.288
lewr10,100270496,2015-06-05 18:25:30,2015-06-05 20:25:30,120,43.193
lewr10,100270497,2015-06-05 20:58:46,2015-06-05 21:33:46,35,7.165
lewr10,100270498,2015-06-05 22:11:54,2015-06-05 22:44:54,33,4.013
lewr10,100270499,2015-06-05 23:31:10,2015-06-06 00:15:10,44,4.052
lewr10,100270500,2015-05-31 17:33:34,2015-05-31 21:14:34,221,114.878
lewr10,100270501,2015-05-31 22:15:42,2015-06-01 02:24:42,249,117.044
lewr10,100270502,2015-06-11 17:57:06,2015-06-11 18:47:06,50,25.447
lewr10,100270503,2015-06-11 20:24:12,2015-06-11 21:13:12,49,25.129
lewr10,100270504,2015-06-11 21:52:18,2015-06-11 23:04:18,72,25.38
lewr10,100270505,2015-06-12 00:00:58,2015-06-12 00:14:58,14,5.264
lewr10,100270506,2015-06-12 01:00:24,2015-06-12 02:22:24,82,40.695
lewr10,100270507,2015-06-12 02:50:24,2015-06-12 02:59:24,9,3.191
lewr10,100270508,2015-06-12 20:30:24,2015-06-12 21:59:24,89,27.162
lewr10,100270509,2015-06-12 22:22:02,2015-06-12 23:59:02,97,31.068
lewr10,100271656,2015-05-15 17:30:06,2015-05-15 20:31:06,181,39.36
lewr10,100271657,2015-05-15 21:39:44,2015-05-15 22:58:44,79,32.027
lewr10,100271658,2015-05-15 23:20:34,2015-05-15 23:27:34,7,2.127
lewr10,100271659,2015-05-15 23:56:02,2015-05-16 00:03:02,7,3.936
lewr10,100271660,2015-05-16 00:38:10,2015-05-16 01:16:10,38,7.277
lewr10,100271661,2015-05-16 18:28:10,2015-05-16 19:17:10,49,27.247
lewr10,100271662,2015-05-16 20:01:40,2015-05-16 21:14:40,73,44.285
lewr10,100271663,2015-05-16 22:19:38,2015-05-17 00:04:38,105,39.235
lewr10,100271664,2015-05-17 01:03:40,2015-05-17 01:40:40,37,20.345
lewr10,100271665,2015-05-17 02:14:02,2015-05-17 02:22:02,8,1.004
lewr10,100271666,2015-05-17 17:34:44,2015-05-17 17:39:44,5,1.492
lewr10,100271667,2015-05-17 18:55:30,2015-05-17 21:12:30,137,70.275
lewr10,100271668,2015-05-17 22:03:54,2015-05-17 22:19:54,16,1.285
lewr10,100271669,2015-05-17 22:51:54,2015-05-18 00:52:54,121,63.532
lewr10,100271670,2015-05-18 01:26:30,2015-05-18 05:20:30,234,119.211
lewr10,100271671,2015-06-08 18:11:26,2015-06-08 19:32:26,81,27.556
lewr10,100271672,2015-06-08 20:08:14,2015-06-08 22:21:14,133,93.513
lewr10,100271673,2015-06-08 22:50:36,2015-06-09 01:07:36,137,84.079
lewr10,100271674,2015-06-09 01:35:14,2015-06-09 03:37:14,122,102.718
lewr10,100271675,2015-06-09 04:08:10,2015-06-09 06:08:10,120,49.916
lewr10,100271724,2015-06-06 18:34:16,2015-06-06 20:40:16,126,78.392
lewr10,100271725,2015-06-06 21:42:42,2015-06-06 22:04:42,22,11.907
lewr10,100271726,2015-06-06 22:25:50,2015-06-06 23:37:50,72,61.786
lewr10,100271727,2015-06-07 00:26:50,2015-06-07 01:46:50,80,28.233
lewr10,100271728,2015-06-07 02:27:54,2015-06-07 03:38:54,71,26.823
lewr10,100271789,2015-05-21 16:08:26,2015-05-21 17:51:26,103,8.974
lewr10,100271790,2015-05-21 18:27:54,2015-05-21 19:18:54,51,5.345
lewr10,100271791,2015-05-21 20:08:12,2015-05-22 01:13:12,305,25.89
lewr10,100271792,2015-06-01 17:26:54,2015-06-01 17:41:54,15,5.804
lewr10,100271793,2015-06-01 18:02:44,2015-06-01 18:44:44,42,21.681
lewr10,100271794,2015-06-01 19:10:28,2015-06-01 21:28:28,138,28.59
lewr10,100271795,2015-06-02 00:22:34,2015-06-02 00:34:34,12,4.156
lewr10,100271796,2015-06-02 01:15:40,2015-06-02 01:49:40,34,18.7
lewr10,100271797,2015-06-02 03:26:42,2015-06-02 04:10:42,44,11.806
lewr10,100271798,2015-06-02 04:41:40,2015-06-02 05:20:40,39,26.785
lewr10,100271810,2015-06-07 19:36:36,2015-06-07 22:01:36,145,72.053
lewr10,100271811,2015-06-07 22:48:36,2015-06-07 22:52:36,4,0.675
lewr10,100271812,2015-06-08 00:24:40,2015-06-08 01:16:40,52,31.349
lewr10,100271813,2015-05-07 16:53:56,2015-05-07 17:28:56,35,20.647
lewr10,100271814,2015-05-07 17:57:08,2015-05-07 20:09:08,132,56.66
lewr10,100271815,2015-05-07 21:40:10,2015-05-07 21:57:10,17,7.431
lewr10,100271816,2015-05-07 22:21:40,2015-05-07 23:27:40,66,56.581
lewr10,100271817,2015-05-08 00:17:56,2015-05-08 00:30:56,13,0.999
rice30,100272011,2015-04-06 15:45:10,2015-04-06 17:54:10,129,66.625
rice30,100272012,2015-04-06 18:34:12,2015-04-06 23:03:12,269,140.585
rice30,100272013,2015-04-03 11:42:00,2015-04-03 12:23:00,41,14.19
rice30,100272014,2015-04-03 12:55:36,2015-04-03 14:33:36,98,57.255
rice30,100272015,2015-04-03 14:56:26,2015-04-03 16:33:26,97,71.005
rice30,100272016,2015-04-03 17:12:24,2015-04-03 20:33:24,201,142.772
rice30,100272017,2015-04-03 20:57:22,2015-04-03 21:27:22,30,15.689
rice30,100272018,2015-04-03 21:50:54,2015-04-03 22:07:54,17,12.699
smiv,100272508,2015-08-01 13:26:24,2015-08-01 13:28:24,2,0.755
smiv,100272509,2015-08-01 13:51:08,2015-08-01 14:45:08,54,39.702
smiv,100272510,2015-08-01 15:32:48,2015-08-01 16:38:48,66,39.895
smiv,100272511,2015-08-01 17:18:44,2015-08-01 20:21:44,183,76.736
smiv,100272512,2015-08-04 07:24:42,2015-08-04 08:28:42,64,21.262
smiv,100272513,2015-08-04 09:02:18,2015-08-04 09:54:18,52,20.838
smiv,100272514,2015-08-04 12:47:32,2015-08-04 13:53:32,66,49.688
smiv,100272515,2015-08-04 14:16:44,2015-08-04 14:25:44,9,3.379
smiv,100272516,2015-08-04 15:22:34,2015-08-04 16:17:34,55,12.808
smiv,100272517,2015-08-04 16:50:52,2015-08-04 20:38:52,228,96.601
smiv,100272518,2015-08-05 07:25:14,2015-08-05 09:33:14,128,55.57
smiv,100272519,2015-08-05 10:29:36,2015-08-05 10:45:36,16,9.058
smiv,100272520,2015-08-05 11:38:42,2015-08-05 12:26:42,48,31
smiv,100272521,2015-08-05 13:04:28,2015-08-05 14:53:28,109,50.309
smiv,100272522,2015-08-05 15:46:10,2015-08-05 17:52:10,126,51.504
smiv,100272523,2015-08-06 07:17:32,2015-08-06 09:28:32,131,53.709
smiv,100272524,2015-08-06 12:54:50,2015-08-06 13:39:50,45,5.374
smiv,100272525,2015-08-06 14:31:56,2015-08-06 15:33:56,62,28.324
smiv,100272526,2015-08-06 15:56:52,2015-08-06 16:37:52,41,8.228
smiv,100272527,2015-08-06 17:54:16,2015-08-06 20:25:16,151,67.186
smiv,100272528,2015-08-07 07:20:22,2015-08-07 07:57:22,37,21.395
smiv,100272529,2015-08-07 08:45:32,2015-08-07 09:40:32,55,31.853
smiv,100272530,2015-08-07 11:24:28,2015-08-07 12:58:28,94,35.655
smiv,100272531,2015-08-07 13:23:44,2015-08-07 14:39:44,76,47.953
smiv,100272532,2015-08-07 16:01:26,2015-08-07 17:12:26,71,26.138
smiv,100272533,2015-08-08 07:16:20,2015-08-08 08:52:20,96,31.162
smiv,100272534,2015-08-08 09:19:00,2015-08-08 10:02:00,43,23.791
smiv,100272535,2015-08-08 10:26:32,2015-08-08 10:45:32,19,8.78
smiv,100272536,2015-08-08 13:18:38,2015-08-08 14:45:38,87,51.23
smiv,100272537,2015-08-08 15:27:12,2015-08-08 16:40:12,73,46.029
smiv,100272538,2015-08-08 17:04:22,2015-08-08 17:14:22,10,1.148
smiv,100272539,2015-08-11 07:08:02,2015-08-11 10:18:02,190,127.8
smiv,100272540,2015-08-11 11:39:54,2015-08-11 11:53:54,14,5.824
smiv,100272541,2015-08-11 12:16:30,2015-08-11 13:50:30,94,81.282
smiv,100272542,2015-08-11 14:38:46,2015-08-11 15:59:46,81,37.259
smiv,100272543,2015-08-12 07:15:06,2015-08-12 08:49:06,94,37.759
smiv,100272544,2015-08-12 09:51:14,2015-08-12 10:07:14,16,6.021
smiv,100272545,2015-08-12 11:55:42,2015-08-12 14:22:42,147,52.916
smiv,100272546,2015-08-12 14:52:48,2015-08-12 18:00:48,188,35.514
smiv,100272547,2015-08-12 18:36:52,2015-08-12 19:04:52,28,13.549
smiv,100272548,2015-08-13 07:10:42,2015-08-13 08:45:42,95,38.143
smiv,100272549,2015-08-13 09:35:36,2015-08-13 09:44:36,9,2.205
smiv,100272550,2015-08-13 11:35:40,2015-08-13 12:55:40,80,27.554
kell0,100272603,2016-02-02 10:41:32,2016-02-02 11:33:32,52,2.632
kell0,100272604,2016-02-02 12:54:10,2016-02-02 13:25:10,31,2.622
kell0,100272605,2016-02-02 14:09:12,2016-02-02 14:39:12,30,1.049
kell0,100272606,2016-02-02 15:08:34,2016-02-02 16:07:34,59,24.852
kell0,100272607,2016-02-02 16:35:00,2016-02-02 18:04:00,89,24.734
kell0,100272608,2016-02-02 18:31:24,2016-02-02 18:51:24,20,0.752
farj7,100272611,2016-02-24 07:39:40,2016-02-24 09:35:40,116,49.898
farj7,100272612,2016-02-24 11:30:30,2016-02-24 14:49:30,199,38.547
farj7,100272613,2016-02-24 15:13:30,2016-02-24 15:42:30,29,14.016
farj7,100272614,2016-02-24 16:10:48,2016-02-24 17:45:48,95,12.229
rice30,100272638,2015-04-01 14:00:02,2015-04-01 16:26:02,146,64.299
rice30,100272639,2015-04-01 16:47:14,2015-04-01 18:03:14,76,52.588
rice30,100272640,2015-04-01 18:40:08,2015-04-01 21:29:08,169,116.61
rice30,100272712,2015-04-10 12:12:40,2015-04-10 12:30:40,18,8.881
rice30,100272713,2015-04-02 13:59:24,2015-04-02 17:06:24,187,105.998
rice30,100272714,2015-04-02 17:44:36,2015-04-02 19:50:36,126,95.997
rice30,100272715,2015-04-02 20:12:46,2015-04-02 22:34:46,142,58.962
rice30,100273193,2015-04-07 13:31:00,2015-04-07 15:05:00,94,63.582
rice30,100273194,2015-04-07 15:41:24,2015-04-07 16:16:24,35,10.915
rice30,100273195,2015-04-07 16:41:52,2015-04-07 18:30:52,109,32.098
rice30,100273196,2015-04-07 18:55:10,2015-04-07 22:00:10,185,106.883
smiv,100273197,2015-07-30 11:48:38,2015-07-30 11:52:38,4,0.563
smiv,100273198,2015-07-30 12:23:20,2015-07-30 14:12:20,109,35.118
smiv,100273199,2015-07-30 14:53:14,2015-07-30 15:33:14,40,31.374
smiv,100273200,2015-07-30 15:58:20,2015-07-30 16:57:20,59,31.999
smiv,100273201,2015-07-30 18:08:48,2015-07-30 20:55:48,167,38.997
smiv,100273202,2015-08-01 07:13:02,2015-08-01 09:07:02,114,50.145
smiv,100273203,2015-08-01 09:50:40,2015-08-01 10:35:40,45,27.697
smiv,100273204,2015-08-01 11:23:10,2015-08-01 11:37:10,14,10.179
smiv,100273205,2015-08-01 12:01:14,2015-08-01 12:16:14,15,3.361
farj7,100273224,2016-02-23 12:02:12,2016-02-23 12:46:12,44,19.764
farj7,100273225,2016-02-23 15:56:26,2016-02-23 18:55:26,179,55.041
smiv,100276660,2015-07-28 08:13:10,2015-07-28 09:05:10,52,2.329
smiv,100276661,2015-07-28 09:25:48,2015-07-28 09:26:48,1,0.415
smiv,100276662,2015-07-28 09:47:26,2015-07-28 10:57:26,70,45.896
smiv,100276663,2015-07-28 11:31:20,2015-07-28 12:47:20,76,16.991
smiv,100276664,2015-07-28 13:21:10,2015-07-28 14:50:10,89,35.453
smiv,100276665,2015-07-28 15:28:06,2015-07-28 15:54:06,26,19.441
