driver,shift_ID,n_SCE,SCE_time,SCE_type,start_time,end_time,shift_length,age,precip_intensity,precip_probability,wind_speed,visibility,speed_limit,num_lanes
canj1,1,1,2015-10-23 14:46:08,HB,2015-10-23T08:09:26Z,2015-10-23T18:37:56Z,628,46,0,0,1.53315789473684,9.00431578947369,63.5863157894737,2.81239348370927
canj1,2,1,2015-10-26 15:06:03,HB,2015-10-26T07:49:04Z,2015-10-26T15:06:58Z,437,46,0,0,0.629861111111111,9.95833333333333,55.302662037037,3.57422288359788
canj1,3,0,NA,NA,2015-10-27T01:59:48Z,2015-10-27T07:58:56Z,359,46,0,0,0.724285714285714,10,63.0102040816327,3.24484936831876
canj1,4,2,2015-10-28 11:58:24;2015-10-28 17:42:36,HB;HB,2015-10-28T08:05:08Z,2015-10-28T20:20:32Z,735,46,0,0,1.9344094488189,9.16181102362205,59.7709973753281,3.09877600527207
canj1,6,0,NA,NA,2015-10-30T09:27:12Z,2015-10-30T21:18:22Z,711,46,0,0,5.17330275229358,9.99663366336634,63.0448885976409,3.2186600351738
canj1,7,1,2015-11-02 07:13:56,HB,2015-11-02T06:26:48Z,2015-11-02T20:06:54Z,820,46,0.0236216666666667,0.276,2.61825,8.88258333333333,62.4479166666667,2.83305224867725
canj1,8,0,NA,NA,2015-11-03T06:29:40Z,2015-11-03T20:00:52Z,811,46,0.000570833333333333,0.0713333333333333,2.13166666666667,9.79216666666667,57.5104166666667,3.52044973544974
canj1,9,1,2015-11-04 08:35:29,HB,2015-11-04T07:57:26Z,2015-11-04T11:22:46Z,205,46,0,0,0.859230769230769,10,56.4737484737485,3.43898281205974
canj1,10,0,NA,NA,2015-11-04T21:39:14Z,2015-11-04T22:34:54Z,55,46,0,0,2.409,10,59.5,3.12070707070707
canj1,12,1,2015-11-06 11:32:11,HB,2015-11-06T10:19:40Z,2015-11-06T21:23:00Z,663,46,0,0,2.99693548387097,9.61838709677419,60.6944444444445,3.24224968579807
canj1,13,0,NA,NA,2015-11-07T08:39:42Z,2015-11-07T21:37:50Z,778,46,0,0,1.69519607843137,6.99969696969697,60.2941176470588,2.77922502334267
canj1,14,1,2015-11-09 19:21:13,HB,2015-11-09T08:24:26Z,2015-11-09T21:38:00Z,793,46,6.72413793103448e-05,0.0100862068965517,2.47465517241379,9.38275862068966,60.2974137931034,3.15798440065681
canj1,16,1,2015-11-11 15:51:07,HB,2015-11-11T08:27:20Z,2015-11-11T19:21:30Z,654,46,0,0,1.79175438596491,6.95456140350877,61.7005012531328,2.85587390192653
canj1,17,0,NA,NA,2015-11-12T05:48:48Z,2015-11-12T18:44:48Z,776,46,0,0,1.91955223880597,9.98984126984127,63.0696517412935,2.92089552238806
canj1,18,0,NA,NA,2015-11-13T05:55:52Z,2015-11-13T14:22:58Z,507,46,0,0,1.38803738317757,9.83177570093458,61.856282450675,3.28627058299956
canj1,19,0,NA,NA,2015-11-16T05:25:16Z,2015-11-16T17:42:14Z,736,46,4.58015267175573e-05,0.00488549618320611,6.3718320610687,8.88328244274809,63.6692111959288,2.78110687022901
canj1,20,0,NA,NA,2015-11-17T06:32:58Z,2015-11-17T20:14:56Z,821,46,3.72727272727273e-05,0.00654545454545455,1.22290909090909,9.89890909090909,60.7069264069264,3.14199658926932
canj1,21,1,2015-11-18 15:49:17,HB,2015-11-18T06:23:32Z,2015-11-18T19:16:12Z,772,46,0,0,2.45557692307692,9.99380281690141,62.5126582278481,2.6516553067186
canj1,22,0,NA,NA,2015-11-19T05:30:30Z,2015-11-19T18:51:48Z,801,46,0,0,1.5574,9.35093333333333,61.3758744855967,2.92126664487776
farj7,1,0,NA,NA,2016-02-23T12:02:12Z,2016-02-23T18:55:40Z,413,54,0.0911766666666667,0.816666666666667,3.66483333333333,3.97983333333333,55.1694444444444,2.98337301587302
farj7,2,0,NA,NA,2016-02-24T07:39:40Z,2016-02-24T17:46:20Z,606,54,0.00560120481927711,0.448975903614458,8.32132530120482,9.37006024096386,58.7213138267355,3.09202524383247
farj7,3,0,NA,NA,2016-02-25T10:50:32Z,2016-02-25T21:46:58Z,656,54,0,0,8.31872340425532,10,60.1309523809524,3.04473995271868
farj7,4,0,NA,NA,2016-02-28T08:33:12Z,2016-02-28T18:47:00Z,613,54,0,0,8.6980303030303,9.992,61.5113636363636,2.28333333333333
farj7,5,0,NA,NA,2016-02-29T07:18:52Z,2016-02-29T18:53:06Z,694,54,0,0,1.8661038961039,9.63448979591837,57.3024891774892,2.68976851071007
farj7,6,0,NA,NA,2016-03-01T07:08:54Z,2016-03-01T18:15:20Z,666,54,0.023929197080292,0.356788321167883,7.5956204379562,8.84181818181818,62.3114355231144,2.32623682076237
farj7,7,0,NA,NA,2016-03-02T06:20:00Z,2016-03-02T16:38:58Z,618,54,0,0,0.903629032258065,9.83451612903226,57.8225806451613,2.55558755760369
farj7,8,0,NA,NA,2016-03-03T07:04:46Z,2016-03-03T16:01:26Z,536,54,0.00148620689655172,0.12367816091954,3.26137931034483,9.99103448275862,58.5747126436782,3.03122605363985
farj7,9,0,NA,NA,2016-03-06T07:01:12Z,2016-03-06T18:34:52Z,693,54,0,0,2.40916083916084,9.84107438016529,66.1305361305361,2.55672105672106
farj7,10,0,NA,NA,2016-03-07T08:18:18Z,2016-03-07T19:09:46Z,651,54,0,0,5.54284090909091,9.98372093023256,61.9571678321678,2.26543560606061
farj7,11,0,NA,NA,2016-03-08T05:26:52Z,2016-03-08T18:19:22Z,772,54,0,0,5.97484126984127,9.4921186440678,63.9920634920635,2.42195767195767
farj7,12,3,2016-03-09 08:54:42;2016-03-09 17:12:54;2016-03-09 17:34:20,HB;HW;HW,2016-03-09T05:48:34Z,2016-03-09T19:31:02Z,822,54,0.0162987577639752,0.0954658385093168,5.60832298136646,7.40220779220779,61.7857142857143,2.79343628759796
farj7,13,1,2016-03-10 16:26:12,HW,2016-03-10T07:46:40Z,2016-03-10T21:04:52Z,798,54,0.050851572327044,0.631194968553459,4.40176100628931,6.11817610062893,62.3506289308176,2.53104338009998
farj7,14,1,2016-03-13 15:58:10,HW,2016-03-13T08:38:10Z,2016-03-13T20:46:42Z,728,54,8.90756302521008e-05,0.00857142857142857,2.88159663865546,8.29981308411215,63.6624649859944,2.33473389355742
farj7,15,0,NA,NA,2016-03-14T07:25:54Z,2016-03-14T20:38:08Z,792,54,0.00659772727272727,0.154924242424242,3.63159090909091,9.29706349206349,56.6269841269841,2.65668590668591
farj7,16,0,NA,NA,2016-03-15T08:06:18Z,2016-03-15T21:12:30Z,786,54,0,0,5.36446153846154,10,63.4711538461539,2.21630036630037
farj7,17,0,NA,NA,2016-03-16T08:17:42Z,2016-03-16T18:17:00Z,599,54,0,0,2.48518518518519,10,56.3492063492064,3.18514109347443
farj7,18,0,NA,NA,2016-03-17T08:40:44Z,2016-03-17T19:15:12Z,634,54,1.88034188034188e-05,0.00358974358974359,2.90923076923077,9.96623931623932,62.9098360655738,2.62740046838408
farj7,19,0,NA,NA,2016-03-20T07:06:34Z,2016-03-20T18:27:04Z,680,54,0,0,6.56992248062016,10,65.0027685492802,2.34870801033592
farj7,20,0,NA,NA,2016-03-21T06:59:16Z,2016-03-21T20:59:52Z,840,54,0,0,3.65454545454546,10,61.4744079449962,2.33718834641295
farj7,21,0,NA,NA,2016-03-22T08:47:18Z,2016-03-22T17:31:58Z,524,54,5.05050505050505e-05,0.0101010101010101,9.94862068965517,10,63.4319384319384,2.40170755170755
farj7,22,0,NA,NA,2016-03-23T08:17:38Z,2016-03-23T18:31:54Z,614,54,0,0,7.93023076923077,10,59.7368421052632,2.34876476906552
farj7,23,0,NA,NA,2016-03-24T08:21:42Z,2016-03-24T15:02:00Z,400,54,0.000265384615384615,0.0394871794871795,7.58506666666667,9.98666666666667,61.4980158730159,2.28971306471306
farj7,24,0,NA,NA,2016-03-27T08:17:36Z,2016-03-27T19:43:14Z,685,54,0,0,8.02674796747968,9.11577235772358,64.1490514905149,2.62407084785134
farj7,25,0,NA,NA,2016-03-28T07:54:52Z,2016-03-28T17:01:54Z,547,54,0,0,2.29524193548387,9.85806451612903,61.8937211981567,2.53536866359447
farj7,26,0,NA,NA,2016-03-29T05:38:24Z,2016-03-29T19:00:38Z,802,54,0,0,3.19144827586207,9.99242647058824,64.1404214559387,2.44429615151938
gres0,1,0,NA,NA,2015-04-06T05:09:34Z,2015-04-06T18:12:14Z,782,55,9.93377483443709e-05,0.00741721854304636,1.17841059602649,9.67927152317881,63.1884657836645,2.73239514348786
gres0,2,0,NA,NA,2015-04-07T05:33:30Z,2015-04-07T17:09:16Z,695,55,0,0,0.679241379310345,5.49351724137931,64.9275862068966,2.88875205254516
gres0,3,1,2015-04-08 09:53:43,CM,2015-04-08T07:12:06Z,2015-04-08T10:17:44Z,185,55,0,0,0.077,8.6146,59.3119047619048,3.215
gres0,4,0,NA,NA,2015-04-10T18:53:14Z,2015-04-11T07:44:08Z,770,55,0.00905604395604396,0.120384615384615,0.875824175824176,9.84565714285714,62.7642595499738,2.62823129251701
gres0,5,0,NA,NA,2015-04-11T18:38:18Z,2015-04-11T22:51:34Z,253,55,0,0,0.218032786885246,10,66.8852459016394,2.91705698672912
gres0,6,0,NA,NA,2015-04-12T09:57:22Z,2015-04-12T22:29:32Z,752,55,0,0,2.66822695035461,9.82475177304964,61.8132387706856,2.55721935668744
gres0,7,0,NA,NA,2015-04-13T10:12:26Z,2015-04-13T13:15:46Z,183,55,0.00165357142857143,0.118571428571429,1.44107142857143,6.50285714285714,60.0892857142857,3.05208333333333
gres0,8,0,NA,NA,2015-08-21T14:42:42Z,2015-08-21T18:38:58Z,236,55,0.00413684210526316,0.0912280701754386,1.59912280701754,10,63.2456140350877,2.61695906432749
gres0,9,0,NA,NA,2015-08-24T13:30:10Z,2015-08-25T03:17:42Z,827,55,0,0,1.31539325842697,9.99752808988764,58.3309925093633,3.07450062421973
gres0,10,0,NA,NA,2015-08-25T14:12:04Z,2015-08-25T19:32:08Z,320,55,0,0,2.40111111111111,10,60.7053872053872,3.41969696969697
gres0,11,3,2015-08-26 11:33:21;2015-08-26 13:29:12;2015-08-26 16:18:47,HW;CM;HW,2015-08-26T07:09:20Z,2015-08-26T16:28:32Z,559,55,0,0,1.36853658536585,10,59.6951219512195,2.48367384647872
gres0,12,0,NA,NA,2015-08-28T06:58:36Z,2015-08-28T18:49:52Z,711,55,5.82781456953642e-05,0.00827814569536424,3.06225165562914,9.10622516556291,66.6004415011038,2.49356144223694
gres0,13,0,NA,NA,2015-08-29T06:41:50Z,2015-08-29T18:19:26Z,697,55,0.00157014925373134,0.0708955223880597,2.94701492537313,9.75111940298507,67.2201492537314,2.53495024875622
gres0,14,0,NA,NA,2015-08-30T07:00:54Z,2015-08-30T19:03:46Z,722,55,0.00605454545454546,0.154125874125874,1.75888111888112,9.39699300699301,63.3817016317016,2.62214452214452
gres0,15,1,2015-08-31 08:36:13,CM,2015-08-31T06:48:46Z,2015-08-31T17:47:46Z,659,55,0,0,1.8016,8.178,62.4083333333334,2.75183333333333
gres0,16,0,NA,NA,2015-09-01T06:57:16Z,2015-09-01T13:08:58Z,371,55,0,0,0.161444444444444,9.99411111111111,66.9074074074074,2.2787037037037
gres0,17,0,NA,NA,2015-09-04T11:14:34Z,2015-09-04T19:36:06Z,501,55,0.000150442477876106,0.00460176991150443,0.555486725663717,9.98070796460177,57.0875474083439,2.79208888456676
gres0,18,0,NA,NA,2015-09-05T09:39:30Z,2015-09-05T19:41:14Z,601,55,0,0,3.12759689922481,9.90333333333333,63.3462532299742,2.55271317829457
gres0,19,0,NA,NA,2015-09-06T07:19:42Z,2015-09-06T14:19:00Z,419,55,0,0,2.97875,9.7435,63.9375,2.40833333333333
hunt,1,0,NA,NA,2016-02-16T22:26:46Z,2016-02-17T00:37:26Z,130,48,0,0,1.22173913043478,3.10347826086957,64.2028985507247,2.12101449275362
hunt,2,0,NA,NA,2016-02-17T13:29:32Z,2016-02-17T18:07:00Z,277,48,0.000512962962962963,0.0764814814814815,4.06592592592593,8.76925925925926,67.1234567901235,2.63112874779542
hunt,3,0,NA,NA,2016-02-18T11:22:52Z,2016-02-18T22:56:34Z,693,48,0,0,5.2416091954023,9.9493023255814,67.2988505747127,2.17873563218391
hunt,4,0,NA,NA,2016-02-19T13:01:40Z,2016-02-19T23:37:56Z,636,48,0,0,13.8004225352113,8.23676056338028,67.1173708920188,2.99735915492958
hunt,5,0,NA,NA,2016-02-20T10:05:34Z,2016-02-20T14:56:32Z,290,48,0,0,12.9385714285714,3.28650793650794,67.6984126984127,2.47089947089947
hunt,6,0,NA,NA,2016-02-21T22:02:00Z,2016-02-22T10:47:00Z,765,48,0,0,3.14952941176471,6.14411764705882,63.9629713423831,2.60702786377709
hunt,7,0,NA,NA,2016-02-22T21:21:46Z,2016-02-23T09:43:34Z,741,48,0,0,1.71825,7.83941666666667,72.3229166666667,3.01666666666667
hunt,8,0,NA,NA,2016-02-23T20:23:48Z,2016-02-24T04:46:34Z,502,48,0.0487326923076923,0.337692307692308,6.46,3.92653846153846,66.9711538461538,2.1198717948718
hunt,9,0,NA,NA,2016-02-24T15:08:08Z,2016-02-25T02:09:34Z,661,48,0.0185865979381443,0.350927835051546,8.03144329896907,2.60701030927835,61.0932130584193,2.44633110976349
hunt,10,0,NA,NA,2016-02-25T14:51:18Z,2016-02-26T03:45:14Z,773,48,0.000112258064516129,0.0244516129032258,7.17941935483871,5.85174193548387,69.2048387096774,2.74354838709677
hunt,11,0,NA,NA,2016-02-26T14:05:04Z,2016-02-26T16:00:58Z,115,48,0,0,4.02625,2.31625,65.9722222222222,2.03819444444444
hunt,12,1,2016-03-01 08:08:47,HB,2016-03-01T07:47:10Z,2016-03-01T16:43:04Z,535,48,0.0449489795918367,0.528469387755102,4.00091836734694,2.9219387755102,64.5289115646259,2.3891156462585
hunt,13,1,2016-03-02 10:47:46,HW,2016-03-02T03:27:22Z,2016-03-02T16:57:24Z,810,48,0.000984210526315789,0.0712865497076023,6.36631578947368,7.81947368421053,62.5243664717349,2.87161422073703
hunt,14,0,NA,NA,2016-03-03T06:17:20Z,2016-03-03T18:49:32Z,752,48,0.0158711538461538,0.191346153846154,3.58009615384615,1.82096153846154,66.2980769230769,2.34632554945055
hunt,15,1,2016-03-07 16:14:24,HB,2016-03-07T13:01:28Z,2016-03-07T16:46:44Z,225,48,0,0,4.50608695652174,2.52521739130435,65.375,2.44057971014493
kell0,1,0,NA,NA,2016-02-02T10:41:32Z,2016-02-02T22:58:54Z,737,51,0.0684744186046512,0.653643410852713,5.39728682170543,8.32341085271318,56.2892211148025,2.97406792174234
kell0,2,0,NA,NA,2016-02-03T16:53:52Z,2016-02-03T18:32:38Z,98,51,0,0,4.40285714285714,10,63.8690476190476,2.87301587301587
kell0,3,0,NA,NA,2016-02-06T06:43:08Z,2016-02-06T20:18:16Z,815,51,0,0,0.935031847133758,10,62.1974522292994,2.53952077646345
kell0,4,1,2016-02-07 13:27:14,HW,2016-02-07T07:45:40Z,2016-02-07T20:28:30Z,762,51,2.265625e-05,0.003359375,2.72677685950413,9.99727272727273,62.9088541666667,2.15566096230159
kell0,5,0,NA,NA,2016-02-08T06:54:54Z,2016-02-08T19:54:48Z,779,51,2.75862068965517e-06,0.00110344827586207,5.58503448275862,8.63503703703704,59.3182266009852,2.58385057471264
kell0,6,1,2016-02-09 12:08:58,HW,2016-02-09T06:25:08Z,2016-02-09T19:44:50Z,799,51,0,0,6.31666666666667,8.89265536723164,61.5318100358423,2.61594982078853
kell0,7,1,2016-02-12 08:36:13,HW,2016-02-12T08:01:16Z,2016-02-12T09:40:44Z,99,51,0,0,0.582916666666667,10,62.025462962963,2.23263888888889
lewr10,1,0,NA,NA,2015-04-10T17:53:40Z,2015-04-11T05:52:00Z,718,27,0.01208,0.14104347826087,0.490869565217391,9.69113043478261,59.036231884058,3.51272495620322
lewr10,2,0,NA,NA,2015-04-11T18:16:12Z,2015-04-12T03:05:20Z,529,27,0,0,0.293829787234043,10,62.9373522458629,2.83996960486322
lewr10,3,0,NA,NA,2015-04-13T17:56:40Z,2015-04-14T02:46:10Z,529,27,0.021435,0.4033,0.4923,8.1535,58.5964285714286,3.33644047619048
lewr10,4,0,NA,NA,2015-05-07T16:53:56Z,2015-05-08T00:30:56Z,457,27,0,0,0.216363636363636,9.86558441558442,61.6450216450216,2.77489177489178
lewr10,5,0,NA,NA,2015-05-15T17:30:06Z,2015-05-16T01:16:56Z,466,27,0,0,3.34452380952381,9.91880952380952,62.8571428571429,2.8515589569161
lewr10,6,0,NA,NA,2015-05-16T18:28:10Z,2015-05-17T02:22:58Z,474,27,3.97727272727273e-05,0.00625,2.76295454545455,9.98465909090909,62.7727272727273,2.52034632034632
lewr10,7,0,NA,NA,2015-05-17T17:34:44Z,2015-05-18T05:20:36Z,705,27,0.00191728395061728,0.0176543209876543,0.205555555555556,8.7870987654321,61.125,2.38812576312576
lewr10,8,2,2015-05-18 17:44:20;2015-05-18 21:46:43,HB;HB,2015-05-18T16:54:26Z,2015-05-19T02:34:22Z,579,27,0.0147866666666667,0.179333333333333,0.119333333333333,9.69916666666667,64.0958333333333,2.90314153439153
lewr10,9,0,NA,NA,2015-05-21T16:08:26Z,2015-05-22T01:13:52Z,545,27,0,0,3.62951612903226,10,68.6088709677419,2.39681259600614
lewr10,10,10,2015-05-31 17:34:13;2015-05-31 18:03:50;2015-05-31 19:03:21;2015-05-31 19:04:55;2015-05-31 19:59:58;2015-05-31 20:48:18;2015-05-31 20:49:03;2015-05-31 20:50:38;2015-05-31 22:29:21;2015-05-31 23:50:21,HB;RS;HB;HB;HB;HB;HB;HB;HB;HB,2015-05-31T17:33:34Z,2015-06-01T02:25:06Z,531,27,0.00560671641791045,0.225746268656716,0.296716417910448,9.61738805970149,62.6958955223881,3.12043946932007
lewr10,11,1,2015-06-01 17:36:16,CM,2015-06-01T17:26:54Z,2015-06-02T05:20:40Z,713,27,0.000115254237288136,0.0198305084745763,0.177966101694915,9.3506779661017,61.5617433414044,2.94180790960452
lewr10,12,0,NA,NA,2015-06-04T17:42:26Z,2015-06-05T04:01:18Z,618,27,0,0,0.149591836734694,9.91520408163265,63.152332361516,3.03675898931001
lewr10,13,0,NA,NA,2015-06-05T17:01:08Z,2015-06-06T00:16:00Z,434,27,0,0,0.228598130841122,10,64.5327102803738,2.97843791722296
lewr10,14,0,NA,NA,2015-06-06T18:34:16Z,2015-06-07T03:39:00Z,544,27,0,0,0.23991452991453,9.70675213675214,63.9316239316239,2.16381766381766
lewr10,15,0,NA,NA,2015-06-07T19:36:36Z,2015-06-08T01:17:00Z,340,27,0,0,0.233174603174603,9.96174603174603,61.0770975056689,2.63346560846561
lewr10,16,0,NA,NA,2015-06-08T18:11:26Z,2015-06-09T06:08:10Z,716,27,0,0,1.05119718309859,9.96739436619718,60.6459590878605,2.37284820031299
lewr10,17,0,NA,NA,2015-06-11T17:57:06Z,2015-06-12T03:00:00Z,542,27,3.93617021276596e-05,0.0051063829787234,0.23468085106383,9.91734042553191,63.209219858156,3.1701367781155
lewr10,18,0,NA,NA,2015-06-12T20:30:24Z,2015-06-13T00:00:00Z,209,27,0,0,0.710344827586207,10,61.5394088669951,3.28419540229885
rice30,1,0,NA,NA,2015-04-01T12:37:40Z,2015-04-01T21:29:58Z,532,34,0,0,1.16602409638554,10,62.9397590361446,2.71987951807229
rice30,2,0,NA,NA,2015-04-02T13:59:24Z,2015-04-02T22:35:14Z,515,34,0.000718627450980392,0.0983333333333333,0.858039215686275,9.60098039215686,61.8382352941176,2.52885154061625
rice30,3,0,NA,NA,2015-04-03T11:42:00Z,2015-04-03T22:08:00Z,626,34,0,0,6.54463917525773,10,60.9192439862543,2.45493372606775
rice30,4,0,NA,NA,2015-04-06T15:45:10Z,2015-04-06T23:03:56Z,438,34,0,0,0.865638297872341,10,59.984802431611,2.37761735900034
rice30,5,0,NA,NA,2015-04-07T13:31:00Z,2015-04-07T22:00:58Z,509,34,0.00578617021276596,0.272446808510638,0.563829787234043,8.92872340425532,60.6737588652482,2.42039007092199
rice30,6,0,NA,NA,2015-04-10T12:12:40Z,2015-04-10T22:03:52Z,591,34,2e-05,0.00442105263157895,4.24726315789474,10,58.9035087719298,2.73934837092732
rice30,7,1,2015-04-11 17:00:39,HB,2015-04-11T09:57:26Z,2015-04-11T23:39:46Z,822,34,8.97435897435897e-06,0.00512820512820513,3.18974358974359,10,62.8685897435897,2.25141941391941
rice30,8,1,2015-04-12 13:57:58,HB,2015-04-12T09:53:50Z,2015-04-12T20:41:00Z,647,34,0,0,2.09495575221239,10,59.0265486725664,2.45132743362832
rice30,9,1,2015-04-13 22:01:45,HB,2015-04-13T09:53:42Z,2015-04-13T22:02:26Z,728,34,0.00355648854961832,0.105725190839695,3.18610687022901,9.66603053435115,61.5648854961832,2.17849872773537
rice30,10,0,NA,NA,2015-04-14T09:41:12Z,2015-04-14T21:27:28Z,706,34,0.00631428571428571,0.243082706766917,1.83984962406015,9.50774436090226,61.7857142857143,2.86515395631937
rice30,11,2,2015-04-15 11:15:51;2015-04-15 11:19:29,HB;HB,2015-04-15T10:38:08Z,2015-04-16T00:17:26Z,819,34,0.00715193798449612,0.368992248062016,4.28821705426357,9.77550387596899,57.4018087855297,2.40051679586563
rice30,12,2,2015-04-16 13:25:05;2015-04-16 14:17:08,HB;HB,2015-04-16T10:30:28Z,2015-04-16T14:17:54Z,227,34,0.00470263157894737,0.502368421052632,2.76763157894737,6.8921052631579,66.0087719298246,2.94122807017544
rice30,13,0,NA,NA,2015-04-18T10:04:12Z,2015-04-18T16:19:12Z,375,34,0,0,1.02677966101695,10,65.138418079096,2.81142050040355
rice30,14,0,NA,NA,2015-04-21T10:59:32Z,2015-04-21T22:54:06Z,714,34,0,0,2.15944881889764,10,59.9793775778028,2.71094863142107
rice30,15,2,2015-04-22 16:28:15;2015-04-22 16:30:47,HB;HB,2015-04-22T08:56:14Z,2015-04-22T17:04:12Z,487,34,0,0,4.42478632478633,10,59.7755392755393,2.57006512006512
rice30,17,0,NA,NA,2015-04-24T11:12:18Z,2015-04-25T00:57:32Z,825,34,0,0,0.769032258064516,10,59.3416282642089,2.58505120327701
rice30,18,0,NA,NA,2015-04-25T11:04:12Z,2015-04-25T16:15:46Z,311,34,0.0081258064516129,0.610645161290323,0.230806451612903,3.22177419354839,61.4516129032258,2.56451612903226
rice30,19,0,NA,NA,2015-04-28T11:18:42Z,2015-04-28T18:22:48Z,424,34,0,0,2.08973684210526,10,57.2478070175439,2.46140350877193
rice30,20,0,NA,NA,2015-04-29T07:34:54Z,2015-04-29T20:04:12Z,749,34,0,0,0.593333333333333,9.98121212121212,60.6376262626263,2.57443181818182
rice30,22,0,NA,NA,2015-05-01T08:49:36Z,2015-05-01T11:31:50Z,162,34,0.00492068965517241,0.311724137931035,3.59034482758621,9.91965517241379,61.7672413793104,2.97701149425287
rice30,23,0,NA,NA,2015-05-02T11:30:52Z,2015-05-02T17:27:44Z,356,34,0,0,1.80883116883117,10,60.3571428571429,2.51762523191095
smiv,1,0,NA,NA,2015-07-28T08:13:10Z,2015-07-28T15:54:28Z,461,49,0,0,4.45536082474227,9.98835051546392,60.335910652921,2.22744231713304
smiv,2,3,2015-07-29 16:56:38;2015-07-29 16:57:10;2015-07-29 17:00:03,HB;HB;HB,2015-07-29T08:35:00Z,2015-07-29T17:31:00Z,536,49,0,0,1.52958333333333,9.97604166666667,58.730744949495,2.35789592352092
smiv,3,0,NA,NA,2015-07-30T07:23:36Z,2015-07-30T20:56:32Z,812,49,0,0,0.941972789115646,10,56.9230914588058,2.3035254805663
smiv,4,1,2015-08-01 08:38:13,HB,2015-08-01T07:13:02Z,2015-08-01T20:22:36Z,789,49,0,0,0.872253521126761,10,60.7017102615694,2.34175355161271
smiv,5,0,NA,NA,2015-08-04T07:24:42Z,2015-08-04T20:39:12Z,794,49,0,0,2.53015384615385,9.98984615384615,59.1661172161172,2.4909040959041
smiv,6,1,2015-08-05 07:32:38,HB,2015-08-05T07:25:14Z,2015-08-05T17:52:56Z,627,49,0,0,4.02040983606557,10,61.9852491543065,2.33790983606557
smiv,7,0,NA,NA,2015-08-06T07:17:32Z,2015-08-06T20:26:00Z,788,49,0,0,3.71484126984127,10,56.237748803225,2.50781024531025
smiv,8,0,NA,NA,2015-08-07T07:20:22Z,2015-08-07T17:13:12Z,592,49,0,0,3.43157303370787,10,61.6894060995185,2.37528373623879
smiv,9,0,NA,NA,2015-08-08T07:16:20Z,2015-08-08T17:14:50Z,598,49,0,0,3.55112068965517,10,59.5952380952381,2.4132662835249
smiv,10,0,NA,NA,2015-08-11T07:08:02Z,2015-08-11T15:59:58Z,531,49,0,0,2.21719512195122,9.98853658536585,62.9908536585366,2.44911924119241
smiv,11,1,2015-08-12 10:03:15,HB,2015-08-12T07:15:06Z,2015-08-12T19:05:16Z,710,49,0,0,2.60385135135135,9.99864864864865,57.8565797940798,2.50585585585586
smiv,12,0,NA,NA,2015-08-13T07:10:42Z,2015-08-13T12:55:58Z,345,49,0,0,0.902615384615385,10,56.074358974359,2.33238095238095
smiv,13,0,NA,NA,2015-08-14T07:17:34Z,2015-08-14T19:21:20Z,723,49,0,0,1.9159842519685,9.99850393700787,57.238188976378,2.48628640319482
smiv,14,0,NA,NA,2015-08-15T07:07:34Z,2015-08-15T18:17:52Z,670,49,0,0,2.138375,9.9911875,56.1063244047619,2.38338121947497
smiv,15,1,2015-08-18 12:52:42,HB,2015-08-18T07:16:02Z,2015-08-18T15:51:56Z,515,49,0,0,3.4921875,10,59.8177083333333,2.34401661706349
smiv,16,0,NA,NA,2015-08-19T07:35:36Z,2015-08-19T16:02:58Z,507,49,4.70588235294118e-05,0.00470588235294118,2.96647058823529,10,55.8823529411765,2.30816993464052
smiv,17,0,NA,NA,2015-08-20T07:17:40Z,2015-08-20T18:17:48Z,660,49,0.000575384615384615,0.0809230769230769,1.29084615384615,9.46715384615385,59.4710974922514,2.31031135531136
smiv,18,0,NA,NA,2015-08-21T07:35:04Z,2015-08-21T19:32:58Z,717,49,0,0,3.99789915966387,9.40403361344538,61.0212418300654,2.88137254901961
smiv,19,0,NA,NA,2015-08-22T07:09:34Z,2015-08-22T17:55:54Z,646,49,0,0,4.53494252873563,9.9951724137931,59.1724137931035,2.29862292879534
smiv,20,0,NA,NA,2015-08-25T07:31:42Z,2015-08-25T20:04:58Z,753,49,2.28187919463087e-05,0.00268456375838926,2.29214765100671,9.89845637583893,59.9752171765595,2.50834059676342
smiv,21,0,NA,NA,2015-08-26T07:10:16Z,2015-08-26T18:33:08Z,682,49,0,0,1.10844262295082,9.51680327868852,59.1880366900859,2.29509497788186
smiv,22,1,2015-08-27 08:54:13,HB,2015-08-27T07:09:54Z,2015-08-27T18:20:00Z,670,49,0,0,1.25177419354839,10,61.1102150537634,2.51269026672252
sunc,1,0,NA,NA,2015-12-20T19:00:02Z,2015-12-20T22:48:58Z,228,37,0,0,9.1052,9.907,70.3,2.13857142857143
sunc,2,0,NA,NA,2015-12-21T10:46:24Z,2015-12-21T18:33:58Z,467,37,0.00978720930232558,0.317790697674419,9.1496511627907,4.01395348837209,64.7587209302326,2.54244186046512
sunc,3,0,NA,NA,2015-12-22T08:23:40Z,2015-12-22T13:37:34Z,313,37,0,0,4.31477611940299,7.38910447761194,64.7636815920398,3.66641791044776
sunc,4,0,NA,NA,2015-12-23T09:15:52Z,2015-12-23T18:16:06Z,540,37,0.0142376344086022,0.320860215053763,8.50150537634409,8.8052688172043,64.489247311828,2.50134408602151
sunc,5,0,NA,NA,2015-12-24T06:24:58Z,2015-12-24T09:23:02Z,178,37,0,0,7.918,9.642,65.0952380952381,2.30918367346939
sunc,6,0,NA,NA,2015-12-27T16:24:14Z,2015-12-27T22:27:38Z,363,37,0,0,7.53195402298851,8.82241379310345,66.6666666666667,2.93544061302682
sunc,7,0,NA,NA,2015-12-28T09:13:46Z,2015-12-28T16:33:58Z,440,37,0.00301052631578947,0.0661842105263158,10.1836842105263,5.60565789473684,61.5910087719298,2.34265350877193
sunc,8,0,NA,NA,2015-12-29T13:49:00Z,2015-12-29T18:35:04Z,286,37,0,0,2.68636363636364,10,64.7727272727273,1.97537878787879
sunc,9,0,NA,NA,2015-12-30T09:49:10Z,2015-12-30T22:36:52Z,767,37,0.000190277777777778,0.0275,4.21305555555556,7.60180555555556,63.1921296296296,2.96213624338624
sunc,10,0,NA,NA,2015-12-31T10:54:06Z,2015-12-31T14:13:22Z,199,37,0,0,7.966,9.49,62.9,2.5372619047619
sunc,11,0,NA,NA,2016-01-03T12:13:30Z,2016-01-03T23:55:24Z,701,37,0,0,5.69275362318841,7.70159420289855,65.1086956521739,2.65776397515528
sunc,12,0,NA,NA,2016-01-04T10:26:52Z,2016-01-04T21:31:22Z,664,37,0.000501098901098901,0.0505494505494506,2.70417582417582,5.35230769230769,63.8736263736264,2.29487179487179
sunc,13,0,NA,NA,2016-01-05T10:14:12Z,2016-01-05T22:04:00Z,709,37,0.000204651162790698,0.0388953488372093,5.68267441860465,6.79569767441861,63.1153100775194,3.48139534883721
sunc,15,2,2016-01-10 13:17:57;2016-01-10 13:56:12,HB;HB,2016-01-10T11:05:58Z,2016-01-10T18:47:00Z,461,37,0,0,10.3010714285714,7.19035714285714,58.6607142857143,2.31349206349206
sunc,16,0,NA,NA,2016-01-11T18:20:20Z,2016-01-11T23:38:54Z,318,37,0,0,5.89948051948052,2.14324675324675,62.1645021645022,2.60379303236446
sunc,17,0,NA,NA,2016-01-12T12:27:12Z,2016-01-12T23:51:38Z,684,37,0,0,4.62432989690722,9.92618556701031,65.8505154639175,2.22981099656357
sunc,18,1,2016-01-13 23:40:47,HB,2016-01-13T10:55:50Z,2016-01-13T23:51:24Z,775,37,0,0,4.18270833333333,9.77328125,63.6197916666667,2.49797867063492
sunc,19,0,NA,NA,2016-01-14T10:41:16Z,2016-01-15T00:21:34Z,820,37,0.0034443661971831,0.137042253521127,5.3119014084507,9.89971830985916,65.005868544601,2.33491784037559
sunc,21,0,NA,NA,2016-01-18T06:34:10Z,2016-01-18T06:41:40Z,7,37,0,0,4.13,3,68,2.4
sunc,22,3,2016-01-18 21:04:38;2016-01-18 21:06:51;2016-01-18 21:29:27,HB;HB;HB,2016-01-18T20:53:28Z,2016-01-18T21:37:58Z,44,37,0,0,6.38933333333333,3.20533333333333,64.3333333333333,2.53333333333333
sunc,23,1,2016-01-19 13:47:46,HW,2016-01-19T12:43:44Z,2016-01-19T16:00:34Z,196,37,0,0,3.35272727272727,8.98113636363636,59.7159090909091,2.73910984848485
woow59,1,0,NA,NA,2015-04-07T08:10:40Z,2015-04-07T17:28:42Z,558,24,0.0190670588235294,0.325058823529412,2.37364705882353,7.76714285714286,62.7140522875817,2.78088235294118
woow59,2,0,NA,NA,2015-04-08T05:20:04Z,2015-04-08T16:18:02Z,657,24,0.00337943925233645,0.12,3.2007476635514,8.57030612244898,63.1230529595016,2.11400385699451
woow59,3,0,NA,NA,2015-04-09T05:59:18Z,2015-04-09T15:35:00Z,575,24,0.000768674698795181,0.0791566265060241,10.7007058823529,9.72670588235294,63.7803921568628,2.02647058823529
woow59,4,0,NA,NA,2015-04-10T01:59:36Z,2015-04-10T10:55:24Z,535,24,0,0,5.1477380952381,9.23695121951219,64.3611111111111,2.09650072150072
woow59,5,0,NA,NA,2015-04-10T21:23:14Z,2015-04-11T05:12:22Z,469,24,0,0,2.99215053763441,8.07645161290323,65.5645161290323,2.63934971838198
woow59,7,0,NA,NA,2015-04-15T06:48:28Z,2015-04-15T16:46:10Z,597,24,0,0,6.68220930232558,7.64372093023256,64.0213178294574,2.40227713178295
woow59,9,0,NA,NA,2015-04-17T23:51:42Z,2015-04-18T09:47:52Z,596,24,0,0,0.432203389830509,4.87627118644068,65.5084745762712,2.27175141242938
woow59,10,0,NA,NA,2015-05-03T13:24:40Z,2015-05-03T15:45:12Z,140,24,0,0,2.91928571428571,10,61.3095238095238,2.73809523809524
woow59,11,0,NA,NA,2015-05-07T10:39:34Z,2015-05-07T12:05:52Z,86,24,0,0,4.7125,6.8575,58.75,3.42857142857143
woow59,12,0,NA,NA,2015-05-08T02:06:50Z,2015-05-08T13:29:08Z,682,24,0,0,1.70808695652174,9.73469565217391,63.3478260869565,2.52448757763975
woow59,13,3,2015-05-10 10:05:34;2015-05-10 10:06:19;2015-05-10 10:22:04,HB;HB;HB,2015-05-10T09:59:22Z,2015-05-10T19:07:22Z,548,24,0,0,3.56,10,64.4339622641509,2.52875112309075
woow59,14,0,NA,NA,2015-05-11T07:35:10Z,2015-05-11T19:57:28Z,742,24,0.0236010869565217,0.775,4.41695652173913,7.61032608695652,66.1322463768116,2.71860157106321
woow59,15,0,NA,NA,2015-05-12T06:30:16Z,2015-05-12T17:44:44Z,674,24,5.29411764705882e-05,0.0125882352941177,9.20529411764706,9.97905882352941,64.1264705882353,2.61019607843137
woow59,16,0,NA,NA,2015-05-13T09:21:38Z,2015-05-13T21:49:56Z,748,24,0,0,3.26767123287671,9.28315068493151,64.3150684931507,2.64246575342466
woow59,17,2,2015-05-14 12:43:46;2015-05-14 13:03:55,HB;HB,2015-05-14T07:58:12Z,2015-05-14T19:44:32Z,706,24,0.000100806451612903,0.0435483870967742,3.57983870967742,9.37040322580645,58.4623655913978,2.5869623655914
woow59,18,0,NA,NA,2015-05-15T06:05:18Z,2015-05-15T18:52:08Z,766,24,0,0,5.08118644067797,9.61182608695652,62.9562146892655,2.4719868173258
woow59,19,0,NA,NA,2015-05-18T06:52:12Z,2015-05-18T17:48:50Z,656,24,9.67213114754098e-05,0.00909836065573771,5.14114754098361,9.27893442622951,62.9166666666667,2.75822924798335
woow59,20,0,NA,NA,2015-05-19T04:05:20Z,2015-05-19T13:45:54Z,580,24,5e-05,0.00935897435897436,7.51512820512821,9.76833333333333,58.0982905982906,2.56532356532357
woow59,21,0,NA,NA,2015-05-20T02:13:16Z,2015-05-20T13:13:12Z,659,24,0,0,3.4365811965812,9.62056603773585,66.1657169990503,2.30268141444612
woow59,22,0,NA,NA,2015-05-21T06:17:12Z,2015-05-21T19:34:58Z,797,24,0,0,3.44454545454545,8.25290909090909,59.9507575757576,2.25549783549784
woow59,23,0,NA,NA,2015-05-22T05:50:18Z,2015-05-22T19:17:16Z,806,24,0,0,1.91100840336134,9.67344537815126,61.952380952381,2.5875150060024
woow59,24,0,NA,NA,2015-05-23T09:33:30Z,2015-05-23T10:40:36Z,67,24,0,0,3.36,10,63.125,1.95833333333333
woow59,25,1,2015-05-27 09:51:36,HB,2015-05-27T08:50:10Z,2015-05-27T21:30:38Z,760,24,9e-04,0.0186274509803922,5.3678431372549,8.60019607843137,65.5637254901961,2.18741830065359
woow59,26,0,NA,NA,2015-05-28T08:22:56Z,2015-05-28T20:34:44Z,731,24,0,0,3.74663793103448,7.05275862068966,65.7040229885057,2.98912151067323
woow59,27,0,NA,NA,2015-05-29T06:35:06Z,2015-05-29T18:04:58Z,689,24,0.000696694214876033,0.0798347107438017,4.57165289256198,6.6398347107438,63.66391184573,2.45058539944904
woow59,28,1,2015-05-30 15:35:25,CM,2015-05-30T06:20:32Z,2015-05-30T19:03:28Z,762,24,0.00865253164556962,0.39253164556962,5.0276582278481,8.64329113924051,63.1909282700422,2.71659220650285
woow59,29,0,NA,NA,2015-05-31T05:53:28Z,2015-05-31T19:43:42Z,830,24,2.13675213675214e-05,0.00675213675213675,7.3208547008547,5.89632478632479,64.3732193732194,2.41346153846154
woow59,30,0,NA,NA,2015-06-04T10:35:40Z,2015-06-04T17:03:26Z,387,24,0,0,3.792,5.4436,67.8,1.96666666666667
